Name,Session ID,Session begin date (UTC),Time (hh:mm:ss),Position,Jumps,Total Workload,High Intensity Effort/Min,Jump Load / min (J),Jumps (very low),Jumps (low),Jumps (medium),Jumps (high),Jumps (very high),Jumps / min,Acceleration Load (load | medium),Acceleration Load (load | high),Acceleration Load (load | low),Acceleration Load (load | very high),Acceleration Load (max.),Acceleration Load (time | high) (hh:mm:ss),Acceleration Load (time | low) (hh:mm:ss),Acceleration Load (time | medium) (hh:mm:ss),Acceleration Load (time | very high) (hh:mm:ss),Acceleration Load / min,Anaerobic Activity (time) (hh:mm:ss),Jump Load (J),Jump Load per mass (J/kg),Jump Load per mass / min (J/kg),Changes of Orientation,Changes of Orientation / min,Exertions,Exertions (high),Exertions (low),Exertions (medium),Exertions (very high),Exertions / min,Exertions / min (high),Exertions / min (low),Exertions / min (medium),Exertions / min (very high),Jumps / min (high),Jumps / min (low),Jumps / min (medium),Jumps / min (very high),Jumps / min (very low),Duration (hh:mm:ss)
Jaden Ravnsborg,108,01/10/2023,00:56:00,Libero,38,182.14,3.25,109.69,3,32,3,0,0,0.68,58.57,32.69,90.48,0.3,11.74,00:02:13,00:47:29,00:06:17,00:00:01,0.54,00:00:01,6143.27,201.72,3.6,0,0.0,2,0,0,0,2,0.04,0.0,0.0,0.0,0.04,0.0,0.57,0.05,0.0,0.05,
Marta Levinska,108,01/10/2023,00:56:44,Outside Hitter,56,202.72,3.57,304.88,1,5,50,0,0,0.99,59.0,40.8,89.28,13.64,5.28,00:02:24,00:47:33,00:06:01,00:00:43,0.6,00:00:43,17302.19,475.81,8.38,6,0.11,44,0,0,0,44,0.78,0.0,0.0,0.0,0.78,0.0,0.09,0.88,0.0,0.02,
Shannon Shields,108,01/10/2023,00:56:44,Setter,66,245.92,4.33,273.67,5,29,32,0,0,1.16,90.64,48.98,103.38,2.92,4.58,00:03:09,00:43:25,00:09:56,00:00:11,0.72,00:00:10,15530.7,427.09,7.53,1,0.02,15,0,0,0,15,0.26,0.0,0.0,0.0,0.26,0.0,0.51,0.56,0.0,0.09,
Olivia Johnson,108,01/10/2023,00:55:02,Middle Blocker,19,200.64,3.64,69.15,3,5,11,0,0,0.35,75.14,32.23,91.53,1.67,5.68,00:02:21,00:44:32,00:08:07,00:00:13,0.6,00:00:13,3806.79,123.16,2.24,1,0.02,4,0,0,0,4,0.07,0.0,0.0,0.0,0.07,0.0,0.09,0.2,0.0,0.05,
Geli Cyr,108,01/10/2023,00:56:32,Outside Hitter,55,195.16,3.45,261.64,4,9,42,0,0,0.97,65.6,31.57,95.77,2.22,4.9,00:02:13,00:47:21,00:06:48,00:00:09,0.57,00:00:08,14792.38,439.77,7.78,0,0.0,9,0,0,0,9,0.16,0.0,0.0,0.0,0.16,0.0,0.16,0.74,0.0,0.07,
Roberta Rabelo,108,01/10/2023,00:56:44,Outside Hitter,51,219.32,3.86,265.71,2,7,42,0,0,0.9,68.15,51.12,92.71,7.34,5.09,00:03:08,00:45:54,00:07:14,00:00:24,0.64,00:00:23,15079.19,430.83,7.59,1,0.02,23,0,0,0,23,0.41,0.0,0.0,0.0,0.41,0.0,0.12,0.74,0.0,0.04,
Claire Jeter,108,01/10/2023,00:51:41,Middle Blocker,58,214.66,4.15,406.14,3,7,48,0,0,1.12,64.24,37.93,93.12,15.86,6.79,00:01:56,00:41:55,00:06:47,00:00:48,0.69,00:01:04,20993.5,452.8,8.76,1,0.02,53,0,0,0,53,1.03,0.0,0.0,0.0,1.03,0.0,0.14,0.93,0.0,0.06,
Meadow Cooper,108,01/10/2023,00:56:44,Libero,43,229.38,4.04,144.73,3,5,35,0,0,0.76,72.88,57.39,89.77,9.34,5.31,00:03:33,00:45:16,00:07:23,00:00:29,0.67,00:00:28,8213.38,306.26,5.4,3,0.05,32,0,0,0,32,0.56,0.0,0.0,0.0,0.56,0.0,0.09,0.62,0.0,0.05,
Maddie Mclaughlin,108,01/10/2023,00:49:57,Outside Hitter,53,207.71,4.16,316.08,2,3,48,0,0,1.06,80.32,32.96,89.09,5.14,6.85,00:02:07,00:39:42,00:08:21,00:00:19,0.69,00:00:20,15788.76,439.69,8.8,2,0.04,21,0,0,0,21,0.42,0.0,0.0,0.0,0.42,0.0,0.06,0.96,0.0,0.04,
Jaden Ravnsborg,109,01/11/2023,01:06:56,Libero,39,264.69,3.95,96.08,3,33,3,0,0,0.58,89.59,43.27,131.46,0.24,6.3,00:02:58,00:54:19,00:10:02,00:00:01,0.65,00:00:01,6431.5,211.18,3.15,0,0.0,2,0,0,0,2,0.03,0.0,0.0,0.0,0.03,0.0,0.49,0.04,0.0,0.04,
Marta Levinska,109,01/11/2023,01:12:38,Outside Hitter,83,357.53,4.92,331.16,4,6,73,0,0,1.14,102.15,58.96,150.42,36.0,8.31,00:03:15,00:56:48,00:10:21,00:01:39,0.82,00:02:10,24055.49,661.53,9.11,24,0.33,91,0,0,0,91,1.25,0.0,0.0,0.0,1.25,0.0,0.08,1.0,0.0,0.06,
Shannon Shields,109,01/11/2023,01:14:04,Setter,0,8.57,0.12,0.0,0,0,0,0,0,0.0,2.2,0.0,6.36,0.0,2.35,00:00:00,01:13:50,00:00:16,00:00:00,0.02,00:00:00,0.0,0.0,0.0,0,0.0,0,0,0,0,0,0.0,0.0,0.0,0.0,0.0,0.0,0.0,0.0,0.0,0.0,
Olivia Johnson,109,01/11/2023,00:00:38,Middle Blocker,0,2.29,3.61,0.0,0,0,0,0,0,0.0,0.39,0.09,1.81,0.0,2.65,00:00:00,00:00:30,00:00:03,00:00:00,0.59,00:00:00,0.0,0.0,0.0,0,0.0,0,0,0,0,0,0.0,0.0,0.0,0.0,0.0,0.0,0.0,0.0,0.0,0.0,
Geli Cyr,109,01/11/2023,01:11:22,Outside Hitter,46,221.75,3.11,184.75,3,1,42,0,0,0.64,75.39,29.8,110.53,5.69,5.91,00:02:09,01:00:34,00:08:18,00:00:28,0.51,00:00:28,13185.1,391.99,5.49,4,0.06,13,0,0,0,13,0.18,0.0,0.0,0.0,0.18,0.0,0.01,0.59,0.0,0.04,
Roberta Rabelo,109,01/11/2023,01:12:23,Outside Hitter,72,356.77,4.93,304.65,3,6,63,0,0,0.99,114.53,88.32,137.52,16.4,5.29,00:05:35,00:54:16,00:11:58,00:00:51,0.82,00:00:50,22056.27,630.18,8.7,1,0.01,49,0,0,0,49,0.68,0.0,0.0,0.0,0.68,0.0,0.08,0.87,0.0,0.04,
Claire Jeter,109,01/11/2023,01:12:47,Middle Blocker,86,375.88,5.16,431.1,8,5,73,0,0,1.18,115.41,62.39,165.21,24.07,7.15,00:03:15,00:55:40,00:12:44,00:01:06,0.86,00:01:42,31384.0,676.91,9.3,46,0.63,80,0,0,0,80,1.1,0.0,0.0,0.0,1.1,0.0,0.07,1.0,0.0,0.11,
Meadow Cooper,109,01/11/2023,01:13:42,Libero,56,307.55,4.17,138.12,2,12,42,0,0,0.76,98.98,48.76,149.55,10.26,5.37,00:03:14,00:59:47,00:10:38,00:00:36,0.69,00:00:36,10181.9,379.66,5.15,1,0.01,43,0,0,0,43,0.58,0.0,0.0,0.0,0.58,0.0,0.16,0.57,0.0,0.03,
Maddie Mclaughlin,109,01/11/2023,01:12:26,Outside Hitter,72,305.84,4.22,298.13,3,4,65,0,0,0.99,106.91,46.98,146.43,5.18,5.77,00:03:06,00:58:15,00:11:05,00:00:24,0.7,00:00:25,21598.25,601.47,8.3,1,0.01,16,0,0,0,16,0.22,0.0,0.0,0.0,0.22,0.0,0.06,0.9,0.0,0.04,
Jaden Ravnsborg,110,01/13/2023,00:48:35,Libero,33,246.24,5.07,106.51,8,22,3,0,0,0.68,94.11,41.77,107.6,2.36,7.29,00:02:57,00:36:34,00:10:28,00:00:05,0.81,00:00:06,5174.66,169.91,3.5,1,0.02,8,0,0,0,8,0.16,0.0,0.0,0.0,0.16,0.0,0.45,0.06,0.0,0.16,
Marta Levinska,110,01/13/2023,00:56:28,Outside Hitter,79,331.72,5.87,441.79,2,11,66,0,0,1.4,89.76,81.41,122.86,34.91,6.88,00:04:44,00:41:18,00:08:43,00:01:38,0.98,00:01:44,24950.92,686.15,12.15,13,0.23,78,0,0,0,78,1.38,0.0,0.0,0.0,1.38,0.0,0.19,1.17,0.0,0.04,
Shannon Shields,110,01/13/2023,00:57:35,Setter,0,1.69,0.03,0.0,0,0,0,0,0,0.0,0.0,0.0,1.69,0.0,0.12,00:00:00,00:57:34,00:00:00,00:00:00,0.0,00:00:00,0.0,0.0,0.0,0,0.0,0,0,0,0,0,0.0,0.0,0.0,0.0,0.0,0.0,0.0,0.0,0.0,0.0,
Olivia Johnson,110,01/13/2023,00:55:23,Middle Blocker,28,326.53,5.89,116.12,2,7,19,0,0,0.51,142.54,60.6,119.39,4.01,4.76,00:03:59,00:36:06,00:15:33,00:00:14,0.98,00:00:14,6432.96,208.13,3.76,2,0.04,14,0,0,0,14,0.25,0.0,0.0,0.0,0.25,0.0,0.13,0.34,0.0,0.04,
Geli Cyr,110,01/13/2023,00:57:29,Outside Hitter,69,318.17,5.53,351.3,2,6,61,0,0,1.2,120.96,58.19,134.07,4.78,6.37,00:03:59,00:40:39,00:12:34,00:00:19,0.92,00:00:19,20194.36,600.37,10.44,0,0.0,19,0,0,0,19,0.33,0.0,0.0,0.0,0.33,0.0,0.1,1.06,0.0,0.03,
Roberta Rabelo,110,01/13/2023,00:57:35,Outside Hitter,83,362.4,6.29,456.76,9,4,70,0,0,1.44,110.11,94.25,125.79,30.48,6.06,00:05:41,00:38:54,00:11:29,00:01:24,1.05,00:01:27,26309.35,751.7,13.05,10,0.17,62,0,0,0,62,1.08,0.0,0.0,0.0,1.08,0.0,0.07,1.22,0.0,0.16,
Claire Jeter,110,01/13/2023,00:57:35,Middle Blocker,75,336.83,5.85,547.11,3,4,68,0,0,1.3,103.97,73.53,132.96,23.87,7.16,00:04:11,00:41:03,00:10:59,00:01:12,0.97,00:01:18,31513.56,679.7,11.8,8,0.14,63,0,0,0,63,1.09,0.0,0.0,0.0,1.09,0.0,0.07,1.18,0.0,0.05,
Meadow Cooper,110,01/13/2023,00:54:45,Libero,47,310.38,5.67,163.49,1,15,31,0,0,0.86,97.36,64.82,124.82,21.47,11.82,00:04:23,00:40:27,00:09:58,00:01:07,0.93,00:01:11,8952.41,333.82,6.1,10,0.18,52,0,0,0,52,0.95,0.0,0.0,0.0,0.95,0.0,0.27,0.57,0.0,0.02,
Maddie Mclaughlin,110,01/13/2023,00:44:50,Outside Hitter,70,265.91,5.93,499.16,5,4,61,0,0,1.56,111.31,43.48,103.69,7.14,6.41,00:03:06,00:29:58,00:11:27,00:00:27,0.98,00:00:28,22379.56,623.23,13.9,1,0.02,25,0,0,0,25,0.56,0.0,0.0,0.0,0.56,0.0,0.09,1.36,0.0,0.11,
Jaden Ravnsborg,111,01/17/2023,00:24:20,Libero,9,83.75,3.44,74.0,0,2,7,0,0,0.37,20.3,18.09,44.86,0.51,5.41,00:01:05,00:20:34,00:02:36,00:00:02,0.57,00:00:02,1801.46,59.15,2.43,2,0.08,1,0,0,0,1,0.04,0.0,0.0,0.0,0.04,0.0,0.08,0.29,0.0,0.0,
Marta Levinska,111,01/17/2023,00:22:42,Outside Hitter,26,127.57,5.62,408.09,0,1,25,0,0,1.14,31.15,23.89,53.19,15.11,7.18,00:01:18,00:17:12,00:03:15,00:00:41,0.94,00:00:51,9269.85,254.92,11.22,6,0.26,34,0,0,0,34,1.5,0.0,0.0,0.0,1.5,0.0,0.04,1.1,0.0,0.0,
Shannon Shields,111,01/17/2023,00:40:51,Setter,77,203.33,4.98,391.54,4,57,16,0,0,1.88,68.38,28.64,103.56,2.75,4.78,00:02:03,00:30:41,00:07:55,00:00:09,0.83,00:00:09,15995.21,439.87,10.77,3,0.07,11,0,0,0,11,0.27,0.0,0.0,0.0,0.27,0.0,1.4,0.39,0.0,0.1,
Olivia Johnson,111,01/17/2023,00:23:46,Middle Blocker,13,88.37,3.72,156.37,2,0,11,0,0,0.55,29.11,10.53,45.71,3.01,5.21,00:00:39,00:19:40,00:03:27,00:00:11,0.62,00:00:11,3716.81,120.25,5.06,9,0.38,12,0,0,0,12,0.5,0.0,0.0,0.0,0.5,0.0,0.0,0.46,0.0,0.08,
Geli Cyr,111,01/17/2023,00:24:25,Outside Hitter,21,119.88,4.91,282.71,0,0,21,0,0,0.86,38.02,23.25,54.97,3.64,5.07,00:01:28,00:18:26,00:04:14,00:00:13,0.82,00:00:13,6904.09,205.26,8.4,1,0.04,13,0,0,0,13,0.53,0.0,0.0,0.0,0.53,0.0,0.0,0.86,0.0,0.0,
Claire Jeter,111,01/17/2023,00:24:29,Middle Blocker,20,101.64,4.15,341.53,0,0,20,0,0,0.82,24.58,10.21,51.0,7.72,8.7,00:00:29,00:20:44,00:02:35,00:00:16,0.69,00:00:37,8362.58,180.37,7.37,3,0.12,22,0,0,0,22,0.9,0.0,0.0,0.0,0.9,0.0,0.0,0.82,0.0,0.0,
Meadow Cooper,111,01/17/2023,00:24:25,Libero,8,81.59,3.34,64.36,0,0,8,0,0,0.33,17.91,18.68,43.1,1.9,5.1,00:01:05,00:20:58,00:02:11,00:00:06,0.56,00:00:06,1571.58,58.6,2.4,0,0.0,7,0,0,0,7,0.29,0.0,0.0,0.0,0.29,0.0,0.0,0.33,0.0,0.0,
Maddie Mclaughlin,111,01/17/2023,00:25:05,Outside Hitter,27,121.84,4.86,384.46,0,0,27,0,0,1.08,40.35,19.26,57.6,4.62,5.23,00:01:13,00:19:05,00:04:25,00:00:17,0.81,00:00:17,9647.21,268.66,10.71,3,0.12,17,0,0,0,17,0.68,0.0,0.0,0.0,0.68,0.0,0.0,1.08,0.0,0.0,
Jaden Ravnsborg,112,01/18/2023,00:58:00,Libero,43,250.06,4.31,129.19,3,33,7,0,0,0.74,92.06,43.26,114.33,0.42,4.3,00:02:57,00:44:25,00:10:33,00:00:02,0.72,00:00:02,7493.89,246.07,4.24,0,0.0,0,0,0,0,0,0.0,0.0,0.0,0.0,0.0,0.0,0.57,0.12,0.0,0.05,
Marta Levinska,112,01/18/2023,00:59:00,Outside Hitter,71,247.76,4.2,333.1,5,10,56,0,0,1.2,83.26,37.82,117.23,9.32,5.86,00:02:26,00:47:23,00:08:26,00:00:41,0.7,00:00:41,19658.53,540.61,9.16,4,0.07,50,0,0,0,50,0.85,0.0,0.0,0.0,0.85,0.0,0.17,0.95,0.0,0.08,
Shannon Shields,112,01/18/2023,00:58:09,Setter,130,332.26,5.71,470.67,7,100,23,0,0,2.24,151.94,50.25,128.31,1.6,5.74,00:03:46,00:38:14,00:16:00,00:00:05,0.95,00:00:05,27376.19,752.85,12.94,3,0.05,4,0,0,0,4,0.07,0.0,0.0,0.0,0.07,0.0,1.72,0.4,0.0,0.12,
Geli Cyr,112,01/18/2023,00:58:25,Outside Hitter,54,268.37,4.59,284.47,2,1,51,0,0,0.92,99.29,30.11,131.05,7.82,5.75,00:02:03,00:44:41,00:11:07,00:00:30,0.77,00:00:30,16621.34,494.15,8.46,1,0.02,30,0,0,0,30,0.51,0.0,0.0,0.0,0.51,0.0,0.02,0.87,0.0,0.03,
Roberta Rabelo,112,01/18/2023,00:58:18,Outside Hitter,71,284.68,4.88,407.37,1,5,65,0,0,1.22,109.57,42.53,119.19,12.07,6.45,00:02:49,00:43:22,00:11:16,00:00:42,0.81,00:00:46,23750.35,678.58,11.64,5,0.09,40,0,0,0,40,0.69,0.0,0.0,0.0,0.69,0.0,0.09,1.11,0.0,0.02,
Claire Jeter,112,01/18/2023,00:58:10,Middle Blocker,79,235.31,4.05,511.31,3,5,71,0,0,1.36,75.54,28.8,121.4,9.39,5.61,00:01:50,00:47:30,00:08:07,00:00:36,0.67,00:00:36,29743.01,641.52,11.03,1,0.02,34,0,0,0,34,0.58,0.0,0.0,0.0,0.58,0.0,0.09,1.22,0.0,0.05,
Meadow Cooper,112,01/18/2023,00:58:07,Libero,41,282.33,4.86,124.93,2,15,24,0,0,0.71,111.79,53.82,112.47,4.26,4.87,00:03:38,00:42:01,00:12:07,00:00:17,0.81,00:00:17,7260.84,270.74,4.66,0,0.0,24,0,0,0,24,0.41,0.0,0.0,0.0,0.41,0.0,0.26,0.41,0.0,0.03,
Maddie Mclaughlin,112,01/18/2023,00:58:47,Outside Hitter,82,305.92,5.2,432.71,4,7,71,0,0,1.39,129.71,44.2,124.5,7.5,5.16,00:02:58,00:41:30,00:13:46,00:00:30,0.87,00:00:29,25439.84,708.45,12.05,5,0.09,27,0,0,0,27,0.46,0.0,0.0,0.0,0.46,0.0,0.12,1.21,0.0,0.07,
Jaden Ravnsborg,113,01/19/2023,00:59:20,Libero,31,269.84,4.55,97.98,3,15,13,0,0,0.52,110.49,32.98,125.8,0.58,4.42,00:02:19,00:43:53,00:13:01,00:00:04,0.76,00:00:04,5814.87,190.94,3.22,0,0.0,1,0,0,0,1,0.02,0.0,0.0,0.0,0.02,0.0,0.25,0.22,0.0,0.05,
Marta Levinska,113,01/19/2023,00:59:20,Outside Hitter,65,276.85,4.66,300.36,5,5,55,0,0,1.1,97.21,42.7,128.15,8.46,5.89,00:02:48,00:45:45,00:10:06,00:00:36,0.78,00:00:37,17826.54,490.23,8.26,2,0.03,36,0,0,0,36,0.61,0.0,0.0,0.0,0.61,0.0,0.08,0.93,0.0,0.08,
Shannon Shields,113,01/19/2023,00:59:20,Setter,120,370.39,6.24,442.85,5,82,33,0,0,2.02,175.09,59.61,132.68,2.79,5.77,00:04:23,00:37:00,00:17:46,00:00:08,1.04,00:00:08,26283.14,722.79,12.18,3,0.05,6,0,0,0,6,0.1,0.0,0.0,0.0,0.1,0.0,1.38,0.56,0.0,0.08,
Geli Cyr,113,01/19/2023,00:59:20,Outside Hitter,67,315.39,5.31,355.01,1,3,63,0,0,1.13,117.49,44.23,140.77,12.19,6.17,00:02:49,00:42:56,00:12:44,00:00:45,0.89,00:00:47,21069.79,626.4,10.55,2,0.03,52,0,0,0,52,0.88,0.0,0.0,0.0,0.88,0.0,0.05,1.06,0.0,0.02,
Roberta Rabelo,113,01/19/2023,00:59:20,Outside Hitter,69,304.9,5.14,390.77,4,5,60,0,0,1.16,115.78,48.49,124.38,13.69,6.91,00:03:05,00:43:02,00:12:14,00:00:46,0.86,00:00:55,23192.19,662.63,11.16,5,0.08,52,0,0,0,52,0.88,0.0,0.0,0.0,0.88,0.0,0.08,1.01,0.0,0.07,
Claire Jeter,113,01/19/2023,00:59:20,Middle Blocker,57,222.46,3.75,353.63,0,5,52,0,0,0.96,68.02,21.21,125.87,7.36,5.35,00:01:24,00:49:40,00:07:46,00:00:28,0.62,00:00:27,20987.72,452.68,7.63,0,0.0,20,0,0,0,20,0.34,0.0,0.0,0.0,0.34,0.0,0.08,0.88,0.0,0.0,
Meadow Cooper,113,01/19/2023,00:59:20,Libero,32,291.75,4.92,88.39,2,18,12,0,0,0.54,123.65,45.74,119.2,3.16,4.71,00:03:10,00:42:18,00:13:37,00:00:13,0.82,00:00:12,5246.05,195.62,3.3,0,0.0,16,0,0,0,16,0.27,0.0,0.0,0.0,0.27,0.0,0.3,0.2,0.0,0.03,
Maddie Mclaughlin,113,01/19/2023,00:59:20,Outside Hitter,71,318.79,5.37,372.74,4,6,61,0,0,1.2,128.31,50.07,132.14,8.28,5.29,00:03:17,00:41:28,00:14:02,00:00:30,0.9,00:00:29,22121.89,616.05,10.38,0,0.0,28,0,0,0,28,0.47,0.0,0.0,0.0,0.47,0.0,0.1,1.03,0.0,0.07,
Jaden Ravnsborg,114,01/20/2023,01:13:45,Libero,28,311.2,4.22,60.61,10,12,6,0,0,0.38,131.22,38.49,140.46,0.78,6.91,00:02:38,00:56:26,00:14:34,00:00:02,0.7,00:00:03,4470.19,146.78,1.99,1,0.01,1,0,0,0,1,0.01,0.0,0.0,0.0,0.01,0.0,0.16,0.08,0.0,0.14,
Marta Levinska,114,01/20/2023,01:14:02,Outside Hitter,85,316.21,4.27,338.04,2,7,76,0,0,1.15,115.46,51.15,140.62,8.8,6.13,00:03:23,00:58:02,00:11:59,00:00:34,0.71,00:00:34,25031.74,688.37,9.3,5,0.07,31,0,0,0,31,0.42,0.0,0.0,0.0,0.42,0.0,0.09,1.03,0.0,0.03,
Shannon Shields,114,01/20/2023,01:15:58,Setter,82,394.36,5.19,243.56,10,42,30,0,0,1.08,172.93,52.87,165.41,3.15,5.07,00:03:43,00:53:09,00:18:50,00:00:10,0.86,00:00:10,18503.6,508.85,6.7,4,0.05,11,0,0,0,11,0.14,0.0,0.0,0.0,0.14,0.0,0.55,0.39,0.0,0.13,
Olivia Johnson,114,01/20/2023,01:14:08,Middle Blocker,53,346.19,4.67,156.31,2,20,31,0,0,0.71,143.35,44.57,153.22,4.83,5.81,00:02:50,00:54:29,00:16:26,00:00:19,0.78,00:00:19,11588.68,374.93,5.06,2,0.03,20,0,0,0,20,0.27,0.0,0.0,0.0,0.27,0.0,0.27,0.42,0.0,0.03,
Geli Cyr,114,01/20/2023,01:13:39,Outside Hitter,71,349.27,4.74,292.99,1,5,65,0,0,0.96,128.2,47.2,164.11,9.58,5.76,00:03:08,00:55:34,00:14:18,00:00:35,0.79,00:00:35,21582.23,641.63,8.71,1,0.01,36,0,0,0,36,0.49,0.0,0.0,0.0,0.49,0.0,0.07,0.88,0.0,0.01,
Roberta Rabelo,114,01/20/2023,01:14:04,Outside Hitter,86,366.04,4.94,346.05,4,14,68,0,0,1.16,140.95,58.71,151.63,12.82,6.99,00:03:45,00:54:29,00:14:57,00:00:44,0.82,00:00:49,25636.02,732.46,9.89,6,0.08,46,0,0,0,46,0.62,0.0,0.0,0.0,0.62,0.0,0.19,0.92,0.0,0.05,
Claire Jeter,114,01/20/2023,01:17:33,Middle Blocker,79,290.53,3.75,343.45,3,26,50,0,0,1.02,109.63,31.39,142.32,7.18,5.32,00:02:08,01:03:03,00:11:51,00:00:28,0.62,00:00:27,26637.52,574.53,7.41,0,0.0,28,0,0,0,28,0.36,0.0,0.0,0.0,0.36,0.0,0.34,0.64,0.0,0.04,
Meadow Cooper,114,01/20/2023,01:16:53,Libero,32,383.07,4.98,86.82,5,0,27,0,0,0.42,153.13,71.65,152.08,6.21,5.27,00:04:39,00:55:28,00:16:22,00:00:21,0.83,00:00:21,6675.39,248.91,3.24,1,0.01,26,0,0,0,26,0.34,0.0,0.0,0.0,0.34,0.0,0.0,0.35,0.0,0.07,
Maddie Mclaughlin,114,01/20/2023,01:14:01,Outside Hitter,61,336.11,4.54,235.43,5,9,47,0,0,0.82,139.23,38.78,152.7,5.4,5.0,00:02:41,00:55:49,00:15:07,00:00:20,0.76,00:00:20,17426.35,485.29,6.56,1,0.01,20,0,0,0,20,0.27,0.0,0.0,0.0,0.27,0.0,0.12,0.63,0.0,0.07,
Jaden Ravnsborg,115,01/23/2023,01:10:15,Libero,57,308.11,4.38,147.08,5,33,19,0,0,0.81,128.16,46.17,132.01,1.77,5.09,00:03:11,00:52:28,00:14:22,00:00:11,0.73,00:00:11,10335.09,339.36,4.83,0,0.0,5,0,0,0,5,0.07,0.0,0.0,0.0,0.07,0.0,0.47,0.27,0.0,0.07,
Marta Levinska,115,01/23/2023,01:10:15,Outside Hitter,84,330.52,4.7,362.08,5,3,76,0,0,1.2,106.77,60.24,143.67,19.81,5.63,00:03:50,00:54:10,00:11:04,00:01:08,0.78,00:01:07,25442.21,699.66,9.96,6,0.09,68,0,0,0,68,0.97,0.0,0.0,0.0,0.97,0.0,0.04,1.08,0.0,0.07,
Shannon Shields,115,01/23/2023,01:10:15,Setter,152,343.6,4.89,494.61,4,97,51,0,0,2.16,143.51,46.63,150.89,2.57,4.84,00:03:45,00:50:40,00:15:37,00:00:10,0.82,00:00:09,34754.71,955.75,13.6,1,0.01,8,0,0,0,8,0.11,0.0,0.0,0.0,0.11,0.0,1.38,0.73,0.0,0.06,
Olivia Johnson,115,01/23/2023,01:10:15,Middle Blocker,35,325.84,4.64,113.61,0,4,31,0,0,0.5,133.39,42.25,147.64,2.57,4.64,00:03:03,00:51:24,00:15:33,00:00:12,0.77,00:00:12,7983.03,258.27,3.68,3,0.04,8,0,0,0,8,0.11,0.0,0.0,0.0,0.11,0.0,0.06,0.44,0.0,0.0,
Geli Cyr,115,01/23/2023,01:10:15,Outside Hitter,81,320.91,4.57,325.96,0,4,77,0,0,1.15,119.34,47.64,147.17,6.77,4.97,00:03:18,00:53:25,00:13:00,00:00:30,0.76,00:00:29,22903.73,680.92,9.69,2,0.03,28,0,0,0,28,0.4,0.0,0.0,0.0,0.4,0.0,0.06,1.1,0.0,0.0,
Roberta Rabelo,115,01/23/2023,01:10:15,Outside Hitter,80,324.21,4.61,342.2,7,8,65,0,0,1.14,136.26,44.66,132.24,10.69,5.86,00:02:56,00:51:58,00:14:36,00:00:41,0.77,00:00:41,24045.06,687.0,9.78,2,0.03,42,0,0,0,42,0.6,0.0,0.0,0.0,0.6,0.0,0.11,0.93,0.0,0.1,
Claire Jeter,115,01/23/2023,01:10:15,Middle Blocker,84,264.27,3.76,434.08,1,6,77,0,0,1.2,85.21,29.69,142.93,6.43,4.88,00:01:57,00:58:25,00:09:17,00:00:33,0.63,00:00:32,30501.2,657.87,9.36,2,0.03,33,0,0,0,33,0.47,0.0,0.0,0.0,0.47,0.0,0.09,1.1,0.0,0.01,
Meadow Cooper,115,01/23/2023,01:10:15,Libero,45,334.42,4.76,117.11,2,10,33,0,0,0.64,139.36,67.57,121.13,6.36,4.97,00:04:23,00:50:41,00:14:45,00:00:23,0.79,00:00:23,8229.23,306.85,4.37,1,0.01,29,0,0,0,29,0.41,0.0,0.0,0.0,0.41,0.0,0.14,0.47,0.0,0.03,
Maddie Mclaughlin,115,01/23/2023,01:10:08,Outside Hitter,92,359.63,5.13,393.95,8,1,83,0,0,1.31,148.05,62.45,142.19,6.43,6.05,00:04:11,00:49:19,00:16:18,00:00:23,0.85,00:00:23,27630.31,769.45,10.97,2,0.03,22,0,0,0,22,0.31,0.0,0.0,0.0,0.31,0.0,0.01,1.18,0.0,0.11,
Jaden Ravnsborg,116,01/24/2023,01:09:52,Libero,49,289.47,4.14,133.75,1,28,19,1,0,0.7,108.59,32.39,147.19,1.3,4.42,00:02:20,00:53:55,00:13:24,00:00:10,0.69,00:00:09,9346.73,306.91,4.39,0,0.0,0,0,0,0,0,0.0,0.0,0.0,0.0,0.0,0.01,0.4,0.27,0.0,0.01,
Marta Levinska,116,01/24/2023,01:09:17,Outside Hitter,82,337.65,4.87,357.7,2,4,7,69,0,1.18,91.0,61.43,158.01,23.23,7.55,00:03:34,00:54:44,00:09:37,00:01:15,0.81,00:01:27,24784.84,681.58,9.84,39,0.56,80,0,0,0,80,1.15,0.0,0.0,0.0,1.15,1.0,0.06,0.1,0.0,0.03,
Shannon Shields,116,01/24/2023,01:09:52,Setter,197,388.74,5.56,584.13,10,157,18,12,0,2.82,173.63,55.45,156.83,2.83,5.1,00:04:31,00:46:59,00:18:09,00:00:10,0.93,00:00:10,40820.53,1122.56,16.06,9,0.13,9,0,0,0,9,0.13,0.0,0.0,0.0,0.13,0.17,2.25,0.26,0.0,0.14,
Olivia Johnson,116,01/24/2023,01:09:52,Middle Blocker,72,337.8,4.83,247.51,2,7,32,31,0,1.03,123.96,43.68,160.14,9.73,5.98,00:03:03,00:51:44,00:14:25,00:00:36,0.81,00:00:36,17296.6,559.6,8.01,2,0.03,31,0,0,0,31,0.44,0.0,0.0,0.0,0.44,0.44,0.1,0.46,0.0,0.03,
Geli Cyr,116,01/24/2023,01:09:52,Outside Hitter,91,315.52,4.51,375.29,1,6,10,74,0,1.3,104.09,41.87,160.39,9.05,5.64,00:02:54,00:54:40,00:11:38,00:00:37,0.75,00:00:37,26226.52,779.71,11.16,2,0.03,36,0,0,0,36,0.52,0.0,0.0,0.0,0.52,1.06,0.09,0.14,0.0,0.01,
Roberta Rabelo,116,01/24/2023,01:09:52,Outside Hitter,93,362.99,5.19,422.11,2,5,5,81,0,1.33,154.66,59.8,133.71,12.96,6.49,00:03:59,00:49:22,00:15:36,00:00:46,0.87,00:00:51,29498.61,842.82,12.06,6,0.09,50,0,0,0,50,0.72,0.0,0.0,0.0,0.72,1.16,0.07,0.07,0.0,0.03,
Meadow Cooper,116,01/24/2023,01:09:52,Libero,45,304.12,4.35,115.84,0,16,27,2,0,0.64,124.89,41.15,132.96,5.12,4.91,00:02:49,00:52:24,00:14:18,00:00:19,0.73,00:00:19,8095.56,301.87,4.32,0,0.0,23,0,0,0,23,0.33,0.0,0.0,0.0,0.33,0.03,0.23,0.39,0.0,0.0,
Maddie Mclaughlin,116,01/24/2023,01:09:52,Outside Hitter,96,356.57,5.1,433.88,2,11,4,79,0,1.37,151.51,54.07,143.05,7.94,5.24,00:03:38,00:49:24,00:16:17,00:00:30,0.85,00:00:29,30320.59,844.37,12.08,2,0.03,27,0,0,0,27,0.39,0.0,0.0,0.0,0.39,1.13,0.16,0.06,0.0,0.03,
Jaden Ravnsborg,117,01/25/2023,01:03:01,Libero,60,296.42,4.7,173.82,8,28,20,4,0,0.95,124.66,35.36,134.99,1.41,4.53,00:02:30,00:46:08,00:14:10,00:00:10,0.78,00:00:10,10955.22,359.72,5.71,0,0.0,6,0,0,0,6,0.1,0.0,0.0,0.0,0.1,0.06,0.44,0.32,0.0,0.13,
Marta Levinska,117,01/25/2023,01:00:02,Outside Hitter,89,346.8,5.78,445.2,2,5,7,75,0,1.48,107.25,60.13,148.64,29.68,10.0,00:03:46,00:44:31,00:11:45,00:01:39,0.95,00:01:41,26731.53,735.12,12.24,16,0.27,101,0,0,0,101,1.68,0.0,0.0,0.0,1.68,1.25,0.08,0.12,0.0,0.03,
Shannon Shields,117,01/25/2023,01:02:24,Setter,121,371.78,5.96,414.73,9,78,21,13,0,1.94,172.14,48.27,149.72,1.65,4.5,00:03:36,00:39:42,00:18:56,00:00:06,0.99,00:00:06,25880.49,711.71,11.41,0,0.0,8,0,0,0,8,0.13,0.0,0.0,0.0,0.13,0.21,1.25,0.34,0.0,0.14,
Olivia Johnson,117,01/25/2023,01:05:57,Middle Blocker,41,314.59,4.77,141.22,0,11,9,21,0,0.62,116.4,59.89,133.4,4.89,4.73,00:03:48,00:47:47,00:14:01,00:00:19,0.79,00:00:18,9315.78,301.39,4.57,3,0.05,19,0,0,0,19,0.29,0.0,0.0,0.0,0.29,0.32,0.17,0.14,0.0,0.0,
Geli Cyr,117,01/25/2023,01:02:49,Outside Hitter,80,332.43,5.29,374.86,2,5,6,67,0,1.27,125.71,48.83,148.41,9.47,5.58,00:03:16,00:45:02,00:13:47,00:00:40,0.88,00:00:40,23547.86,700.07,11.14,1,0.02,44,0,0,0,44,0.7,0.0,0.0,0.0,0.7,1.07,0.08,0.1,0.0,0.03,
Roberta Rabelo,117,01/25/2023,01:05:57,Outside Hitter,78,387.79,5.88,373.33,6,6,1,65,0,1.18,125.63,121.4,126.17,14.59,5.08,00:07:36,00:44:51,00:12:42,00:00:46,0.98,00:00:45,24627.13,703.63,10.67,7,0.11,48,0,0,0,48,0.73,0.0,0.0,0.0,0.73,0.99,0.09,0.02,0.0,0.09,
Claire Jeter,117,01/25/2023,01:02:41,Middle Blocker,95,275.93,4.4,545.54,2,9,31,53,0,1.52,86.88,37.22,143.29,8.54,4.77,00:02:24,00:50:22,00:09:12,00:00:39,0.73,00:00:38,34196.24,737.57,11.77,6,0.1,34,0,0,0,34,0.54,0.0,0.0,0.0,0.54,0.85,0.14,0.49,0.0,0.03,
Meadow Cooper,117,01/25/2023,01:03:48,Libero,73,352.08,5.52,193.86,8,24,29,12,0,1.14,147.97,63.06,132.85,7.91,5.88,00:04:16,00:43:24,00:15:34,00:00:30,0.92,00:00:30,12369.78,461.25,7.23,0,0.0,34,0,0,0,34,0.53,0.0,0.0,0.0,0.53,0.19,0.38,0.45,0.0,0.13,
Maddie Mclaughlin,117,01/25/2023,01:04:03,Outside Hitter,80,370.5,5.78,390.11,2,1,7,70,0,1.25,151.74,69.09,139.35,9.5,7.27,00:04:37,00:43:09,00:15:36,00:00:35,0.96,00:00:36,24991.63,695.97,10.86,8,0.12,29,0,0,0,29,0.45,0.0,0.0,0.0,0.45,1.09,0.02,0.11,0.0,0.03,
Jaden Ravnsborg,118,01/27/2023,01:16:12,Libero,30,308.61,4.05,77.94,1,13,14,1,1,0.39,114.49,33.25,159.58,1.29,4.52,00:02:21,00:59:51,00:14:05,00:00:06,0.67,00:00:06,5939.71,195.04,2.56,0,0.0,2,0,0,0,2,0.03,0.0,0.0,0.0,0.03,0.01,0.17,0.18,0.01,0.01,
Marta Levinska,118,01/27/2023,01:16:07,Outside Hitter,112,341.37,4.48,443.21,5,11,51,30,15,1.47,109.7,55.95,161.53,13.97,5.82,00:03:37,01:00:23,00:11:20,00:00:57,0.75,00:00:57,33739.6,927.84,12.19,3,0.04,60,0,0,0,60,0.79,0.0,0.0,0.0,0.79,0.39,0.14,0.67,0.2,0.07,
Shannon Shields,118,01/27/2023,01:19:13,Setter,164,433.36,5.47,458.49,10,106,36,12,0,2.07,185.87,67.6,175.82,3.87,5.69,00:04:51,00:54:23,00:19:43,00:00:13,0.91,00:00:13,36322.49,998.87,12.61,7,0.09,13,0,0,0,13,0.16,0.0,0.0,0.0,0.16,0.15,1.34,0.45,0.0,0.13,
Olivia Johnson,118,01/27/2023,01:17:07,Middle Blocker,73,362.33,4.7,229.78,2,17,26,26,2,0.95,123.35,53.26,175.36,10.05,5.86,00:03:30,00:59:20,00:13:47,00:00:38,0.78,00:00:38,17723.33,573.4,7.43,0,0.0,33,0,0,0,33,0.43,0.0,0.0,0.0,0.43,0.34,0.22,0.34,0.03,0.03,
Geli Cyr,118,01/27/2023,01:17:59,Outside Hitter,89,366.41,4.7,359.91,1,6,25,31,26,1.14,113.37,51.46,186.84,14.39,5.93,00:03:14,01:01:28,00:12:30,00:00:53,0.78,00:00:54,28068.79,834.48,10.7,4,0.05,54,0,0,0,54,0.69,0.0,0.0,0.0,0.69,0.4,0.08,0.32,0.33,0.01,
Roberta Rabelo,118,01/27/2023,01:16:30,Outside Hitter,95,347.61,4.54,385.02,6,9,28,31,21,1.24,139.86,52.77,138.27,14.22,6.79,00:03:21,00:58:15,00:14:04,00:00:49,0.76,00:00:57,29457.92,841.65,11.0,7,0.09,51,0,0,0,51,0.67,0.0,0.0,0.0,0.67,0.41,0.12,0.37,0.27,0.08,
Claire Jeter,118,01/27/2023,01:13:13,Middle Blocker,109,312.26,4.26,527.06,4,18,57,28,2,1.49,110.94,41.2,147.33,12.79,5.41,00:02:43,00:57:57,00:11:34,00:00:51,0.71,00:00:50,38592.75,832.39,11.37,0,0.0,43,0,0,0,43,0.59,0.0,0.0,0.0,0.59,0.38,0.25,0.78,0.03,0.05,
Meadow Cooper,118,01/27/2023,01:15:20,Libero,32,354.53,4.71,85.24,2,8,15,4,3,0.42,134.52,68.57,146.4,4.73,5.95,00:04:26,00:55:09,00:15:25,00:00:17,0.78,00:00:18,6422.26,239.47,3.18,0,0.0,21,0,0,0,21,0.28,0.0,0.0,0.0,0.28,0.05,0.11,0.2,0.04,0.03,
Maddie Mclaughlin,118,01/27/2023,01:16:10,Outside Hitter,95,354.44,4.65,396.76,10,4,27,27,27,1.25,123.46,54.06,162.98,13.81,5.91,00:03:32,00:58:26,00:13:31,00:00:47,0.77,00:00:47,30224.16,841.69,11.05,2,0.03,43,0,0,0,43,0.56,0.0,0.0,0.0,0.56,0.35,0.05,0.35,0.35,0.13,
Jaden Ravnsborg,119,01/30/2023,00:56:43,Libero,60,281.11,4.95,192.63,10,26,24,0,0,1.06,112.29,38.51,128.7,1.6,4.54,00:02:42,00:41:00,00:12:45,00:00:12,0.83,00:00:11,10928.72,358.85,6.33,0,0.0,5,0,0,0,5,0.09,0.0,0.0,0.0,0.09,0.0,0.46,0.42,0.0,0.18,
Marta Levinska,119,01/30/2023,00:56:43,Outside Hitter,80,284.42,5.01,401.08,2,10,52,13,3,1.41,87.28,54.89,136.08,6.18,5.27,00:03:34,00:43:01,00:09:37,00:00:28,0.84,00:00:27,22754.51,625.75,11.03,1,0.02,26,0,0,0,26,0.46,0.0,0.0,0.0,0.46,0.23,0.18,0.92,0.05,0.04,
Shannon Shields,119,01/30/2023,00:56:43,Setter,122,367.7,6.48,482.28,6,70,45,0,1,2.15,155.56,73.49,131.23,7.41,5.11,00:04:52,00:34:26,00:16:57,00:00:26,1.08,00:00:25,27361.18,752.43,13.26,2,0.04,27,0,0,0,27,0.48,0.0,0.0,0.0,0.48,0.0,1.23,0.79,0.02,0.11,
Olivia Johnson,119,01/30/2023,00:56:43,Middle Blocker,44,332.04,5.85,178.19,1,9,28,5,1,0.78,131.15,52.04,144.59,4.27,4.95,00:03:41,00:37:30,00:15:12,00:00:18,0.98,00:00:17,10109.25,327.06,5.76,0,0.0,17,0,0,0,17,0.3,0.0,0.0,0.0,0.3,0.09,0.16,0.49,0.02,0.02,
Geli Cyr,119,01/30/2023,00:56:43,Outside Hitter,66,292.45,5.15,339.29,4,1,29,24,8,1.16,106.65,37.66,140.78,7.29,5.65,00:02:35,00:41:59,00:11:35,00:00:31,0.86,00:00:31,19249.07,572.27,10.09,1,0.02,37,0,0,0,37,0.65,0.0,0.0,0.0,0.65,0.42,0.02,0.51,0.14,0.07,
Roberta Rabelo,119,01/30/2023,00:56:43,Outside Hitter,76,337.84,5.95,414.04,6,5,14,38,13,1.34,136.89,62.06,124.04,13.5,7.0,00:04:02,00:37:34,00:14:15,00:00:45,0.99,00:00:49,23489.87,671.14,11.83,1,0.02,53,0,0,0,53,0.93,0.0,0.0,0.0,0.93,0.67,0.09,0.25,0.23,0.11,
Claire Jeter,119,01/30/2023,00:56:43,Middle Blocker,110,279.09,4.92,664.83,4,21,70,15,0,1.94,93.2,49.77,129.99,6.13,4.85,00:03:13,00:43:19,00:09:37,00:00:30,0.82,00:00:30,37717.9,813.52,14.34,0,0.0,16,0,0,0,16,0.28,0.0,0.0,0.0,0.28,0.26,0.37,1.23,0.0,0.07,
Meadow Cooper,119,01/30/2023,00:56:43,Libero,58,340.41,6.0,196.8,2,16,33,2,5,1.02,140.08,73.12,119.58,7.63,5.41,00:04:47,00:37:00,00:14:25,00:00:28,1.0,00:00:28,11165.19,416.33,7.34,1,0.02,33,0,0,0,33,0.58,0.0,0.0,0.0,0.58,0.04,0.28,0.58,0.09,0.04,
Maddie Mclaughlin,119,01/30/2023,00:56:43,Outside Hitter,78,333.76,5.88,418.04,4,8,27,33,6,1.37,140.54,54.64,133.19,5.39,5.37,00:03:46,00:37:40,00:14:54,00:00:20,0.98,00:00:20,23716.75,660.47,11.64,0,0.0,17,0,0,0,17,0.3,0.0,0.0,0.0,0.3,0.58,0.14,0.48,0.11,0.07,
Jaden Ravnsborg,120,01/31/2023,01:05:35,Libero,45,259.9,3.96,137.43,3,13,29,0,0,0.69,90.54,25.63,142.06,1.66,4.54,00:01:50,00:52:04,00:11:26,00:00:12,0.66,00:00:12,9015.13,296.02,4.51,0,0.0,9,0,0,0,9,0.14,0.0,0.0,0.0,0.14,0.0,0.2,0.44,0.0,0.05,
Marta Levinska,120,01/31/2023,01:32:24,Outside Hitter,84,384.89,4.17,246.63,13,4,53,4,10,0.91,113.76,45.03,216.82,8.84,6.49,00:03:09,01:14:42,00:13:53,00:00:35,0.69,00:00:35,22789.35,626.71,6.78,2,0.02,28,0,0,0,28,0.3,0.0,0.0,0.0,0.3,0.04,0.04,0.57,0.11,0.14,
Shannon Shields,120,01/31/2023,01:05:25,Setter,136,350.08,5.35,481.78,6,71,56,3,0,2.08,133.99,54.2,159.08,2.81,4.89,00:04:05,00:46:42,00:14:23,00:00:11,0.89,00:00:11,31517.62,866.73,13.25,2,0.03,10,0,0,0,10,0.15,0.0,0.0,0.0,0.15,0.05,1.09,0.86,0.0,0.09,
Olivia Johnson,120,01/31/2023,01:05:56,Middle Blocker,67,334.73,5.08,246.92,5,14,20,25,3,1.02,112.98,48.36,161.91,11.39,5.79,00:03:27,00:48:59,00:12:45,00:00:40,0.85,00:00:40,16280.67,526.73,7.99,0,0.0,34,0,0,0,34,0.52,0.0,0.0,0.0,0.52,0.38,0.21,0.3,0.05,0.08,
Roberta Rabelo,120,01/31/2023,01:05:10,Outside Hitter,95,331.7,5.09,440.87,5,14,24,36,16,1.46,122.34,51.42,140.15,16.25,6.65,00:03:28,00:47:43,00:12:54,00:00:57,0.85,00:01:01,28736.96,821.06,12.6,2,0.03,66,0,0,0,66,1.01,0.0,0.0,0.0,1.01,0.55,0.21,0.37,0.25,0.08,
Claire Jeter,120,01/31/2023,01:31:51,Middle Blocker,168,396.73,4.32,628.24,3,29,115,14,7,1.83,124.95,48.41,210.2,13.13,5.67,00:03:26,01:14:05,00:13:14,00:01:02,0.72,00:01:01,57709.87,1244.72,13.55,2,0.02,45,0,0,0,45,0.49,0.0,0.0,0.0,0.49,0.15,0.32,1.25,0.08,0.03,
Meadow Cooper,120,01/31/2023,01:06:13,Libero,44,323.8,4.89,119.05,1,10,33,0,0,0.66,119.14,63.36,136.72,4.58,4.87,00:04:08,00:48:03,00:13:40,00:00:18,0.81,00:00:18,7883.1,293.95,4.44,0,0.0,23,0,0,0,23,0.35,0.0,0.0,0.0,0.35,0.0,0.15,0.5,0.0,0.02,
Maddie Mclaughlin,120,01/31/2023,01:05:29,Outside Hitter,94,319.49,4.88,449.38,5,11,22,40,16,1.44,118.0,43.85,150.07,7.54,5.55,00:03:07,00:48:47,00:13:04,00:00:27,0.81,00:00:27,29429.09,819.54,12.51,4,0.06,21,0,0,0,21,0.32,0.0,0.0,0.0,0.32,0.61,0.17,0.34,0.24,0.08,
Jaden Ravnsborg,121,02/01/2023,01:02:57,Libero,64,310.44,4.93,190.23,9,27,26,2,0,1.02,129.22,39.49,139.48,2.25,5.02,00:02:51,00:45:32,00:14:16,00:00:15,0.82,00:00:14,11975.68,393.23,6.25,0,0.0,9,0,0,0,9,0.14,0.0,0.0,0.0,0.14,0.03,0.43,0.41,0.0,0.14,
Marta Levinska,121,02/01/2023,01:07:18,Outside Hitter,78,313.79,4.66,334.75,4,3,50,18,3,1.16,104.16,41.8,161.66,6.03,5.81,00:02:51,00:52:07,00:11:48,00:00:28,0.78,00:00:28,22534.06,619.69,9.21,0,0.0,26,0,0,0,26,0.39,0.0,0.0,0.0,0.39,0.27,0.04,0.74,0.04,0.06,
Shannon Shields,121,02/01/2023,01:07:18,Setter,129,389.15,5.78,398.7,10,90,26,3,0,1.92,179.09,56.3,151.12,2.64,4.61,00:04:13,00:43:28,00:19:25,00:00:09,0.96,00:00:09,26838.79,738.07,10.96,0,0.0,7,0,0,0,7,0.1,0.0,0.0,0.0,0.1,0.04,1.34,0.39,0.0,0.15,
Olivia Johnson,121,02/01/2023,01:07:18,Middle Blocker,53,334.02,4.96,181.37,1,8,38,6,0,0.79,125.14,43.21,161.55,4.11,4.57,00:03:08,00:49:12,00:14:37,00:00:18,0.83,00:00:17,12209.29,395.01,5.87,1,0.01,11,0,0,0,11,0.16,0.0,0.0,0.0,0.16,0.09,0.12,0.56,0.0,0.01,
Geli Cyr,121,02/01/2023,01:05:22,Outside Hitter,59,311.78,4.77,259.97,2,7,23,18,9,0.9,113.75,33.46,157.97,6.52,5.55,00:02:16,00:49:27,00:13:08,00:00:28,0.79,00:00:27,16997.12,505.32,7.73,0,0.0,32,0,0,0,32,0.49,0.0,0.0,0.0,0.49,0.28,0.11,0.35,0.14,0.03,
Roberta Rabelo,121,02/01/2023,01:07:18,Outside Hitter,81,348.63,5.18,375.72,4,11,15,31,20,1.2,128.62,64.8,139.05,15.19,6.43,00:04:12,00:48:15,00:13:53,00:00:53,0.86,00:00:55,25292.19,722.63,10.73,2,0.03,55,0,0,0,55,0.82,0.0,0.0,0.0,0.82,0.46,0.16,0.22,0.3,0.06,
Claire Jeter,121,02/01/2023,01:07:18,Middle Blocker,102,290.96,4.32,551.75,2,9,74,16,1,1.52,93.24,38.15,150.4,9.17,5.04,00:02:33,00:54:05,00:09:56,00:00:40,0.72,00:00:39,37141.78,801.1,11.9,1,0.01,25,0,0,0,25,0.37,0.0,0.0,0.0,0.37,0.24,0.13,1.1,0.01,0.03,
Meadow Cooper,121,02/01/2023,01:07:18,Libero,51,350.75,5.21,129.13,5,14,30,1,1,0.76,138.88,69.4,137.0,5.48,5.04,00:04:34,00:47:22,00:14:58,00:00:21,0.87,00:00:21,8692.32,324.12,4.81,0,0.0,25,0,0,0,25,0.37,0.0,0.0,0.0,0.37,0.01,0.21,0.45,0.01,0.07,
Maddie Mclaughlin,121,02/01/2023,01:07:18,Outside Hitter,83,357.2,5.31,376.26,6,10,18,43,6,1.23,145.42,48.82,156.65,6.3,5.18,00:03:23,00:47:57,00:15:30,00:00:24,0.88,00:00:24,25328.86,705.36,10.48,0,0.0,18,0,0,0,18,0.27,0.0,0.0,0.0,0.27,0.64,0.15,0.27,0.09,0.09,
Jaden Ravnsborg,122,02/03/2023,01:04:29,Libero,38,280.1,4.34,111.91,3,22,11,1,1,0.59,110.3,21.61,147.53,0.66,4.4,00:01:40,00:49:35,00:13:06,00:00:05,0.72,00:00:05,7217.88,237.01,3.67,0,0.0,0,0,0,0,0,0.0,0.0,0.0,0.0,0.0,0.02,0.34,0.17,0.02,0.05,
Marta Levinska,122,02/03/2023,01:04:29,Outside Hitter,86,348.71,5.41,444.25,1,5,28,34,18,1.33,111.85,63.53,151.82,20.81,6.44,00:04:02,00:47:06,00:12:09,00:01:07,0.9,00:01:08,28654.3,787.99,12.22,4,0.06,59,0,0,0,59,0.91,0.0,0.0,0.0,0.91,0.53,0.08,0.43,0.28,0.02,
Shannon Shields,122,02/03/2023,01:04:29,Setter,194,405.51,6.29,643.4,6,146,36,6,0,3.01,186.41,64.23,151.88,2.99,5.12,00:04:58,00:39:52,00:19:25,00:00:11,1.05,00:00:11,41499.05,1141.22,17.69,6,0.09,11,0,0,0,11,0.17,0.0,0.0,0.0,0.17,0.09,2.26,0.56,0.0,0.09,
Olivia Johnson,122,02/03/2023,01:04:29,Middle Blocker,100,343.08,5.32,376.21,5,24,33,30,8,1.55,115.35,57.49,152.93,16.78,5.88,00:03:50,00:46:48,00:12:49,00:00:57,0.89,00:00:58,24265.26,785.05,12.17,3,0.05,47,0,0,0,47,0.73,0.0,0.0,0.0,0.73,0.47,0.37,0.51,0.12,0.08,
Geli Cyr,122,02/03/2023,01:04:29,Outside Hitter,72,313.27,4.86,350.81,1,8,22,15,26,1.12,113.5,33.66,155.7,10.41,5.44,00:02:15,00:48:37,00:12:54,00:00:40,0.81,00:00:39,22627.11,672.7,10.43,1,0.02,38,0,0,0,38,0.59,0.0,0.0,0.0,0.59,0.23,0.12,0.34,0.4,0.02,
Roberta Rabelo,122,02/03/2023,01:04:29,Outside Hitter,67,337.3,5.23,342.18,2,10,9,23,23,1.04,136.79,48.65,137.01,13.11,6.52,00:03:12,00:45:43,00:14:43,00:00:42,0.87,00:00:48,22070.74,630.59,9.78,2,0.03,44,0,0,0,44,0.68,0.0,0.0,0.0,0.68,0.36,0.16,0.14,0.36,0.03,
Claire Jeter,122,02/03/2023,01:04:29,Middle Blocker,124,280.62,4.35,703.62,5,24,54,27,14,1.92,87.57,40.73,135.8,16.3,5.8,00:02:45,00:52:08,00:08:32,00:01:01,0.73,00:01:01,45383.53,978.86,15.18,2,0.03,49,0,0,0,49,0.76,0.0,0.0,0.0,0.76,0.42,0.37,0.84,0.22,0.08,
Meadow Cooper,122,02/03/2023,01:04:29,Libero,47,335.56,5.2,123.83,6,13,28,0,0,0.73,144.22,56.22,130.72,4.4,5.0,00:03:43,00:43:57,00:16:29,00:00:18,0.87,00:00:17,7986.82,297.81,4.62,0,0.0,22,0,0,0,22,0.34,0.0,0.0,0.0,0.34,0.0,0.2,0.43,0.0,0.09,
Maddie Mclaughlin,122,02/03/2023,01:04:29,Outside Hitter,73,343.9,5.33,358.29,5,10,14,27,17,1.13,143.64,45.4,142.66,12.2,5.48,00:03:06,00:45:16,00:15:25,00:00:39,0.89,00:00:39,23109.92,643.57,9.98,1,0.02,30,0,0,0,30,0.47,0.0,0.0,0.0,0.47,0.42,0.16,0.22,0.26,0.08,
Jaden Ravnsborg,123,02/06/2023,01:00:56,Libero,66,284.83,4.67,195.51,12,23,31,0,0,1.08,119.3,32.42,131.08,2.03,4.65,00:02:22,00:44:49,00:13:28,00:00:14,0.78,00:00:14,11913.96,391.2,6.42,0,0.0,10,0,0,0,10,0.16,0.0,0.0,0.0,0.16,0.0,0.38,0.51,0.0,0.2,
Marta Levinska,123,02/06/2023,01:01:04,Outside Hitter,59,321.17,5.26,270.25,4,7,36,12,0,0.97,103.32,43.11,153.18,19.16,12.18,00:02:59,00:47:11,00:11:57,00:00:59,0.85,00:01:06,16504.12,453.86,7.43,21,0.34,58,0,0,0,58,0.95,0.0,0.0,0.0,0.95,0.2,0.11,0.59,0.0,0.07,
Shannon Shields,123,02/06/2023,01:05:49,Setter,172,404.89,6.15,631.93,6,75,73,18,0,2.61,173.84,74.01,151.8,5.24,5.03,00:05:26,00:41:57,00:18:05,00:00:19,1.03,00:00:19,41602.05,1144.06,17.38,6,0.09,22,0,0,0,22,0.33,0.0,0.0,0.0,0.33,0.27,1.14,1.11,0.0,0.09,
Olivia Johnson,123,02/06/2023,01:05:49,Middle Blocker,47,317.91,4.83,172.83,0,5,30,10,2,0.71,116.95,41.65,152.42,6.85,5.56,00:02:55,00:48:54,00:13:31,00:00:25,0.8,00:00:25,11377.81,368.11,5.59,1,0.02,21,0,0,0,21,0.32,0.0,0.0,0.0,0.32,0.15,0.08,0.46,0.03,0.0,
Geli Cyr,123,02/06/2023,01:05:49,Outside Hitter,86,313.95,4.77,365.36,5,10,33,29,9,1.31,111.8,37.7,156.18,8.27,5.43,00:02:38,00:50:05,00:12:27,00:00:36,0.79,00:00:36,24052.65,715.08,10.86,0,0.0,38,0,0,0,38,0.58,0.0,0.0,0.0,0.58,0.44,0.15,0.5,0.14,0.08,
Roberta Rabelo,123,02/06/2023,01:05:49,Outside Hitter,82,365.68,5.55,393.65,10,8,5,35,24,1.25,143.01,62.47,143.27,16.12,6.24,00:04:02,00:45:35,00:15:12,00:00:54,0.93,00:00:57,25915.53,740.44,11.25,1,0.02,62,0,0,0,62,0.94,0.0,0.0,0.0,0.94,0.53,0.12,0.08,0.36,0.15,
Claire Jeter,123,02/06/2023,01:05:49,Middle Blocker,98,290.7,4.42,578.79,1,5,62,20,10,1.49,96.15,37.34,146.86,10.34,5.37,00:02:28,00:52:02,00:10:34,00:00:42,0.74,00:00:41,38103.65,821.84,12.48,0,0.0,27,0,0,0,27,0.41,0.0,0.0,0.0,0.41,0.3,0.08,0.94,0.15,0.02,
Meadow Cooper,123,02/06/2023,01:05:49,Libero,50,320.1,4.86,144.32,1,9,37,2,1,0.76,122.25,49.34,141.25,7.26,4.86,00:03:18,00:48:19,00:13:43,00:00:27,0.81,00:00:26,9500.8,354.27,5.38,0,0.0,31,0,0,0,31,0.47,0.0,0.0,0.0,0.47,0.03,0.14,0.56,0.02,0.02,
Maddie Mclaughlin,123,02/06/2023,01:05:49,Outside Hitter,81,339.63,5.16,387.13,5,8,13,45,10,1.23,140.48,43.08,149.05,7.01,5.44,00:02:58,00:47:19,00:15:02,00:00:27,0.86,00:00:27,25485.86,709.73,10.78,2,0.03,21,0,0,0,21,0.32,0.0,0.0,0.0,0.32,0.68,0.12,0.2,0.15,0.08,
Jaden Ravnsborg,124,02/07/2023,01:09:14,Libero,86,322.38,4.66,216.02,22,28,35,1,0,1.24,142.99,34.32,142.64,2.43,4.64,00:02:33,00:50:37,00:15:46,00:00:16,0.78,00:00:16,14959.28,491.2,7.09,2,0.03,13,0,0,0,13,0.19,0.0,0.0,0.0,0.19,0.01,0.4,0.51,0.0,0.32,
Marta Levinska,124,02/07/2023,01:09:14,Outside Hitter,78,301.42,4.35,322.1,8,3,40,24,3,1.13,94.76,42.73,155.53,8.34,5.63,00:02:51,00:55:17,00:10:26,00:00:37,0.73,00:00:37,22305.39,613.4,8.86,0,0.0,36,0,0,0,36,0.52,0.0,0.0,0.0,0.52,0.35,0.04,0.58,0.04,0.12,
Shannon Shields,124,02/07/2023,01:09:33,Setter,78,419.61,6.03,252.53,1,53,24,0,0,1.12,221.9,53.6,142.61,1.34,5.75,00:04:01,00:41:08,00:24:12,00:00:05,1.01,00:00:05,17564.13,483.01,6.94,2,0.03,5,0,0,0,5,0.07,0.0,0.0,0.0,0.07,0.0,0.76,0.35,0.0,0.01,
Olivia Johnson,124,02/07/2023,01:09:14,Middle Blocker,74,331.02,4.78,247.24,2,7,61,4,0,1.07,112.63,46.32,166.26,5.82,4.74,00:03:18,00:52:47,00:12:40,00:00:27,0.8,00:00:27,17121.03,553.92,8.0,2,0.03,20,0,0,0,20,0.29,0.0,0.0,0.0,0.29,0.06,0.1,0.88,0.0,0.03,
Geli Cyr,124,02/07/2023,01:09:14,Outside Hitter,80,333.7,4.82,345.29,2,9,29,18,22,1.16,121.81,43.2,158.25,10.36,5.67,00:02:52,00:52:10,00:13:23,00:00:46,0.8,00:00:45,23911.59,710.89,10.27,2,0.03,49,0,0,0,49,0.71,0.0,0.0,0.0,0.71,0.26,0.13,0.42,0.32,0.03,
Roberta Rabelo,124,02/07/2023,01:09:14,Outside Hitter,85,384.05,5.55,429.01,5,5,3,30,42,1.23,132.11,75.93,155.48,20.42,5.62,00:04:54,00:48:35,00:14:34,00:01:08,0.92,00:01:08,29709.12,848.83,12.26,38,0.55,73,0,0,0,73,1.05,0.0,0.0,0.0,1.05,0.43,0.07,0.04,0.61,0.07,
Claire Jeter,124,02/07/2023,01:09:14,Middle Blocker,105,285.06,4.12,557.53,2,3,77,23,0,1.52,84.49,34.18,157.33,9.05,4.84,00:02:17,00:57:02,00:09:09,00:00:42,0.69,00:00:42,38608.87,832.74,12.03,4,0.06,36,0,0,0,36,0.52,0.0,0.0,0.0,0.52,0.33,0.04,1.11,0.0,0.03,
Meadow Cooper,124,02/07/2023,01:09:14,Libero,65,346.78,5.01,159.25,10,16,37,1,1,0.94,139.83,57.35,142.87,6.73,5.12,00:03:54,00:49:46,00:15:07,00:00:24,0.83,00:00:24,11028.06,411.22,5.94,3,0.04,27,0,0,0,27,0.39,0.0,0.0,0.0,0.39,0.01,0.23,0.53,0.01,0.14,
Maddie Mclaughlin,124,02/07/2023,01:09:14,Outside Hitter,90,354.55,5.12,428.96,3,4,21,37,25,1.3,142.98,49.65,152.83,9.09,5.19,00:03:23,00:50:32,00:14:41,00:00:35,0.85,00:00:34,29705.61,827.24,11.95,0,0.0,36,0,0,0,36,0.52,0.0,0.0,0.0,0.52,0.53,0.06,0.3,0.36,0.04,
Jaden Ravnsborg,125,02/08/2023,01:04:27,Libero,56,299.31,4.64,167.02,7,19,27,3,0,0.87,119.06,33.71,145.23,1.31,4.58,00:02:21,00:47:43,00:14:10,00:00:10,0.77,00:00:10,10767.4,353.56,5.48,0,0.0,6,0,0,0,6,0.09,0.0,0.0,0.0,0.09,0.05,0.29,0.42,0.0,0.11,
Marta Levinska,125,02/08/2023,01:04:27,Outside Hitter,115,298.85,4.64,514.35,5,13,60,30,7,1.78,92.11,49.58,147.27,9.51,5.97,00:03:10,00:50:36,00:09:55,00:00:41,0.77,00:00:41,33158.45,911.86,14.14,0,0.0,42,0,0,0,42,0.65,0.0,0.0,0.0,0.65,0.47,0.2,0.93,0.11,0.08,
Shannon Shields,125,02/08/2023,01:04:27,Setter,225,415.59,6.45,781.45,5,150,64,6,0,3.49,191.88,70.27,151.25,2.18,5.04,00:05:34,00:38:23,00:20:19,00:00:09,1.07,00:00:09,50377.57,1385.38,21.49,0,0.0,11,0,0,0,11,0.17,0.0,0.0,0.0,0.17,0.09,2.33,0.99,0.0,0.08,
Olivia Johnson,125,02/08/2023,01:04:27,Middle Blocker,116,348.86,5.41,426.07,0,21,76,15,4,1.8,132.74,49.95,155.29,10.53,6.02,00:03:34,00:45:29,00:14:35,00:00:45,0.9,00:00:45,27467.15,888.64,13.78,2,0.03,37,0,0,0,37,0.57,0.0,0.0,0.0,0.57,0.23,0.33,1.18,0.06,0.0,
Geli Cyr,125,02/08/2023,01:04:27,Outside Hitter,85,338.89,5.26,406.79,2,7,27,25,24,1.32,129.64,41.52,152.71,13.97,6.02,00:02:36,00:46:51,00:13:58,00:00:55,0.88,00:00:58,26224.11,779.64,12.09,0,0.0,61,0,0,0,61,0.95,0.0,0.0,0.0,0.95,0.39,0.11,0.42,0.37,0.03,
Roberta Rabelo,125,02/08/2023,01:04:24,Outside Hitter,87,410.01,6.37,488.51,3,4,10,25,45,1.35,139.45,107.69,133.38,26.46,6.52,00:06:47,00:42:15,00:13:52,00:01:21,1.06,00:01:29,31460.82,898.88,13.96,37,0.57,73,0,0,0,73,1.13,0.0,0.0,0.0,1.13,0.39,0.06,0.16,0.7,0.05,
Claire Jeter,125,02/08/2023,01:04:27,Middle Blocker,171,309.18,4.8,934.37,1,47,91,25,7,2.65,95.31,52.77,143.7,17.35,5.61,00:03:27,00:50:28,00:09:18,00:01:11,0.8,00:01:10,60235.64,1299.2,20.15,2,0.03,60,0,0,0,60,0.93,0.0,0.0,0.0,0.93,0.39,0.73,1.41,0.11,0.02,
Meadow Cooper,125,02/08/2023,01:01:19,Libero,80,365.08,5.95,238.3,12,19,40,9,0,1.3,133.45,71.11,133.86,26.09,5.97,00:04:33,00:41:47,00:14:14,00:01:11,0.99,00:01:12,14615.04,544.97,8.89,4,0.07,56,0,0,0,56,0.91,0.0,0.0,0.0,0.91,0.15,0.31,0.65,0.0,0.2,
Maddie Mclaughlin,125,02/08/2023,01:04:27,Outside Hitter,99,356.72,5.53,489.09,9,9,23,37,21,1.54,151.75,52.27,139.49,13.11,5.65,00:03:36,00:44:36,00:15:24,00:00:48,0.92,00:00:48,31529.88,878.05,13.62,1,0.02,44,0,0,0,44,0.68,0.0,0.0,0.0,0.68,0.57,0.14,0.36,0.33,0.14,
Jaden Ravnsborg,126,02/09/2023,00:49:18,Libero,39,216.18,4.38,129.52,13,15,11,0,0,0.79,93.51,17.23,104.51,0.94,4.59,00:01:16,00:37:16,00:10:38,00:00:05,0.73,00:00:05,6387.39,209.74,4.25,0,0.0,6,0,0,0,6,0.12,0.0,0.0,0.0,0.12,0.0,0.3,0.22,0.0,0.26,
Marta Levinska,126,02/09/2023,00:49:14,Outside Hitter,70,255.01,5.18,511.13,1,0,17,27,25,1.42,73.13,46.34,114.65,19.7,6.2,00:02:45,00:37:47,00:07:34,00:01:06,0.86,00:01:09,25165.33,692.05,14.06,4,0.08,68,0,0,0,68,1.38,0.0,0.0,0.0,1.38,0.55,0.0,0.35,0.51,0.02,
Shannon Shields,126,02/09/2023,00:49:18,Setter,33,257.28,5.22,153.97,0,20,12,1,0,0.67,121.51,17.93,116.77,1.08,5.16,00:01:22,00:33:53,00:13:56,00:00:04,0.87,00:00:04,7593.03,208.81,4.23,1,0.02,2,0,0,0,2,0.04,0.0,0.0,0.0,0.04,0.02,0.41,0.24,0.0,0.0,
Olivia Johnson,126,02/09/2023,00:49:18,Middle Blocker,67,235.44,4.77,313.11,1,10,54,2,0,1.36,84.45,30.23,115.75,5.01,5.05,00:02:09,00:37:17,00:09:27,00:00:23,0.8,00:00:23,15441.7,499.58,10.13,1,0.02,20,0,0,0,20,0.41,0.0,0.0,0.0,0.41,0.04,0.2,1.09,0.0,0.02,
Geli Cyr,126,02/09/2023,00:49:18,Outside Hitter,58,216.52,4.39,364.88,0,5,15,23,15,1.18,71.95,21.1,114.7,8.77,5.39,00:01:22,00:39:20,00:07:55,00:00:37,0.73,00:00:36,17994.41,534.97,10.85,2,0.04,44,0,0,0,44,0.89,0.0,0.0,0.0,0.89,0.47,0.1,0.3,0.3,0.0,
Roberta Rabelo,126,02/09/2023,00:49:18,Outside Hitter,64,277.72,5.63,472.59,2,2,2,30,28,1.3,84.67,66.68,105.51,20.18,5.82,00:04:08,00:35:18,00:08:43,00:01:04,0.94,00:01:05,23306.32,665.89,13.5,6,0.12,62,0,0,0,62,1.26,0.0,0.0,0.0,1.26,0.61,0.04,0.04,0.57,0.04,
Claire Jeter,126,02/09/2023,00:49:18,Middle Blocker,76,195.41,3.96,596.96,0,3,45,28,0,1.54,52.4,25.94,108.85,8.21,4.78,00:01:38,00:41:28,00:05:32,00:00:37,0.66,00:00:36,29440.09,634.98,12.88,4,0.08,37,0,0,0,37,0.75,0.0,0.0,0.0,0.75,0.57,0.06,0.91,0.0,0.0,
Meadow Cooper,126,02/09/2023,00:49:18,Libero,31,219.52,4.45,102.04,4,13,14,0,0,0.63,85.35,30.2,101.72,2.25,4.91,00:02:06,00:37:47,00:09:14,00:00:08,0.74,00:00:08,5032.03,187.63,3.8,0,0.0,10,0,0,0,10,0.2,0.0,0.0,0.0,0.2,0.0,0.26,0.28,0.0,0.08,
Maddie Mclaughlin,126,02/09/2023,00:49:18,Outside Hitter,72,263.4,5.34,470.61,3,4,21,31,13,1.46,107.09,42.39,105.65,8.27,5.29,00:02:50,00:34:51,00:11:03,00:00:31,0.89,00:00:31,23208.98,646.33,13.11,4,0.08,33,0,0,0,33,0.67,0.0,0.0,0.0,0.67,0.63,0.08,0.43,0.26,0.06,
Jaden Ravnsborg,127,02/13/2023,01:05:30,Libero,61,292.49,4.46,191.48,61,0,0,0,0,0.93,51.36,7.32,233.8,0.0,4.71,00:00:38,01:01:05,00:03:44,00:00:00,0.74,00:00:22,12545.05,411.93,6.29,0,0.0,18,0,0,18,0,0.27,0.0,0.0,0.27,0.0,0.0,0.0,0.0,0.0,0.93,
Marta Levinska,127,02/13/2023,01:05:30,Outside Hitter,76,268.19,4.09,303.63,59,9,8,0,0,1.16,48.14,13.57,204.44,2.04,6.09,00:00:56,01:00:59,00:03:25,00:00:08,0.68,00:00:42,19892.99,547.06,8.35,1,0.02,43,11,7,25,0,0.66,0.17,0.11,0.38,0.0,0.0,0.14,0.12,0.0,0.9,
Shannon Shields,127,02/13/2023,01:05:30,Setter,163,368.45,5.62,540.62,162,1,0,0,0,2.49,86.84,7.03,274.45,0.14,5.41,00:00:31,00:58:16,00:06:40,00:00:00,0.94,00:00:09,35419.63,974.04,14.87,3,0.05,10,1,5,4,0,0.15,0.02,0.08,0.06,0.0,0.0,0.02,0.0,0.0,2.47,
Olivia Johnson,127,02/13/2023,01:05:30,Middle Blocker,57,311.0,4.75,226.07,33,17,7,0,0,0.87,63.4,13.8,231.82,1.98,6.08,00:00:55,01:00:08,00:04:18,00:00:07,0.79,00:00:33,14811.15,479.18,7.31,3,0.05,27,9,3,15,0,0.41,0.14,0.05,0.23,0.0,0.0,0.26,0.11,0.0,0.5,
Geli Cyr,127,02/13/2023,01:05:28,Outside Hitter,78,299.46,4.57,373.55,23,33,20,2,0,1.19,63.38,16.48,217.63,1.96,5.67,00:01:03,01:00:04,00:04:13,00:00:06,0.76,00:00:39,24455.71,727.06,11.11,1,0.02,35,8,2,25,0,0.53,0.12,0.03,0.38,0.0,0.03,0.5,0.31,0.0,0.35,
Claire Jeter,127,02/13/2023,01:05:30,Middle Blocker,96,250.28,3.82,544.74,74,16,6,0,0,1.47,42.18,19.1,188.83,0.17,5.26,00:01:18,01:01:19,00:02:49,00:00:00,0.64,00:00:47,35689.64,769.78,11.75,0,0.0,39,0,6,33,0,0.6,0.0,0.09,0.5,0.0,0.0,0.24,0.09,0.0,1.13,
Meadow Cooper,127,02/13/2023,01:05:30,Libero,62,306.01,4.67,172.35,62,0,0,0,0,0.95,72.08,17.07,216.73,0.13,5.06,00:01:00,00:59:28,00:04:59,00:00:00,0.78,00:00:36,11292.05,421.06,6.43,1,0.02,41,0,6,35,0,0.63,0.0,0.09,0.53,0.0,0.0,0.0,0.0,0.0,0.95,
Maddie Mclaughlin,127,02/13/2023,01:05:30,Outside Hitter,85,321.47,4.91,415.53,39,30,14,2,0,1.3,66.33,17.64,236.29,1.21,5.43,00:01:05,00:59:35,00:04:43,00:00:03,0.82,00:00:43,27224.25,758.14,11.57,2,0.03,37,4,1,32,0,0.56,0.06,0.02,0.49,0.0,0.03,0.46,0.21,0.0,0.6,
Jaden Ravnsborg,128,02/14/2023,01:00:30,Libero,38,285.66,4.72,118.66,38,0,0,0,0,0.63,40.64,3.54,241.19,0.3,5.22,00:00:19,00:56:53,00:03:14,00:00:00,0.79,00:00:11,7178.86,235.72,3.9,1,0.02,7,0,0,7,0,0.12,0.0,0.0,0.12,0.0,0.0,0.0,0.0,0.0,0.63,
Marta Levinska,128,02/14/2023,01:01:12,Outside Hitter,79,311.37,5.09,397.95,46,24,9,0,0,1.29,51.26,27.78,218.2,14.13,7.77,00:01:22,00:56:01,00:03:03,00:00:46,0.85,00:01:31,24355.27,669.77,10.94,14,0.23,76,32,5,18,21,1.24,0.52,0.08,0.29,0.34,0.0,0.39,0.15,0.0,0.75,
Shannon Shields,128,02/14/2023,01:00:31,Setter,146,389.38,6.43,559.31,140,6,0,0,0,2.41,86.37,7.54,295.47,0.0,4.98,00:00:31,00:53:24,00:06:33,00:00:00,1.07,00:00:11,33851.79,930.92,15.38,5,0.08,10,0,2,8,0,0.17,0.0,0.03,0.13,0.0,0.0,0.1,0.0,0.0,2.31,
Olivia Johnson,128,02/14/2023,01:00:33,Middle Blocker,70,326.87,5.4,296.43,55,7,8,0,0,1.16,60.55,13.42,250.74,2.15,5.85,00:00:57,00:55:14,00:04:12,00:00:07,0.9,00:00:38,17952.82,580.83,9.59,2,0.03,29,9,1,19,0,0.48,0.15,0.02,0.31,0.0,0.0,0.12,0.13,0.0,0.91,
Geli Cyr,128,02/14/2023,01:00:29,Outside Hitter,75,301.03,4.98,398.92,25,19,29,2,0,1.24,42.66,16.57,241.39,0.42,5.3,00:01:05,00:56:25,00:02:54,00:00:01,0.83,00:00:42,24132.55,717.45,11.86,0,0.0,45,1,5,39,0,0.74,0.02,0.08,0.64,0.0,0.03,0.31,0.48,0.0,0.41,
Roberta Rabelo,128,02/14/2023,01:00:42,Outside Hitter,87,355.74,5.86,480.71,19,38,29,1,0,1.43,105.14,20.93,223.57,6.09,6.76,00:01:10,00:52:02,00:07:06,00:00:20,0.98,00:01:10,29180.36,833.72,13.73,5,0.08,66,20,1,42,3,1.09,0.33,0.02,0.69,0.05,0.02,0.63,0.48,0.0,0.31,
Claire Jeter,128,02/14/2023,01:00:50,Middle Blocker,98,254.42,4.18,582.46,75,19,4,0,0,1.61,34.69,16.59,203.15,0.0,4.95,00:01:13,00:57:12,00:02:22,00:00:00,0.7,00:00:41,35433.89,764.26,12.56,1,0.02,37,0,5,32,0,0.61,0.0,0.08,0.53,0.0,0.0,0.31,0.07,0.0,1.23,
Meadow Cooper,128,02/14/2023,01:00:34,Libero,35,308.91,5.1,99.29,35,0,0,0,0,0.58,68.6,8.32,231.87,0.12,5.2,00:00:30,00:55:06,00:04:55,00:00:00,0.85,00:00:18,6014.15,224.26,3.7,1,0.02,22,0,2,20,0,0.36,0.0,0.03,0.33,0.0,0.0,0.0,0.0,0.0,0.58,
Maddie Mclaughlin,128,02/14/2023,01:01:04,Outside Hitter,71,327.58,5.36,384.97,22,32,17,0,0,1.16,71.67,17.19,238.02,0.69,7.36,00:01:02,00:54:46,00:05:10,00:00:02,0.89,00:00:38,23510.51,654.72,10.72,3,0.05,37,2,7,28,0,0.61,0.03,0.11,0.46,0.0,0.0,0.52,0.28,0.0,0.36,
Jaden Ravnsborg,129,02/15/2023,01:04:55,Libero,51,282.62,4.35,159.22,50,1,0,0,0,0.79,41.06,4.7,236.86,0.0,4.61,00:00:26,01:01:15,00:03:11,00:00:00,0.73,00:00:14,10338.78,339.48,5.23,0,0.0,6,0,0,6,0,0.09,0.0,0.0,0.09,0.0,0.0,0.02,0.0,0.0,0.77,
Marta Levinska,129,02/15/2023,01:04:55,Outside Hitter,88,294.46,4.53,423.26,46,30,12,0,0,1.36,43.45,26.75,220.45,3.8,6.58,00:01:31,01:00:22,00:02:47,00:00:12,0.76,00:01:11,27483.75,755.8,11.64,0,0.0,73,11,5,56,1,1.12,0.17,0.08,0.86,0.02,0.0,0.46,0.18,0.0,0.71,
Geli Cyr,129,02/15/2023,01:04:55,Outside Hitter,84,290.9,4.48,380.47,43,28,9,4,0,1.29,40.53,14.94,234.29,1.14,5.78,00:01:01,01:00:57,00:02:51,00:00:03,0.75,00:00:42,24705.16,734.48,11.31,1,0.02,43,6,6,31,0,0.66,0.09,0.09,0.48,0.0,0.06,0.43,0.14,0.0,0.66,
Roberta Rabelo,129,02/15/2023,01:04:55,Outside Hitter,78,343.5,5.29,372.28,22,41,15,0,0,1.2,93.62,17.26,229.22,3.4,6.89,00:01:01,00:57:07,00:06:33,00:00:11,0.88,00:00:52,24173.4,690.67,10.64,1,0.02,54,10,1,39,4,0.83,0.15,0.02,0.6,0.06,0.0,0.63,0.23,0.0,0.34,
Claire Jeter,129,02/15/2023,01:04:55,Middle Blocker,85,254.67,3.92,513.47,51,25,9,0,0,1.31,34.45,20.96,197.5,1.75,5.93,00:01:16,01:01:07,00:02:22,00:00:06,0.65,00:00:57,33341.57,719.13,11.07,0,0.0,39,7,1,31,0,0.6,0.11,0.02,0.48,0.0,0.0,0.39,0.14,0.0,0.79,
Meadow Cooper,129,02/15/2023,01:04:55,Libero,47,292.86,4.51,134.51,46,0,0,1,0,0.72,51.15,10.18,231.5,0.03,5.06,00:00:40,01:00:23,00:03:49,00:00:00,0.75,00:00:22,8734.31,325.69,5.02,1,0.02,31,0,6,25,0,0.48,0.0,0.09,0.39,0.0,0.02,0.0,0.0,0.0,0.71,
Maddie Mclaughlin,129,02/15/2023,01:04:55,Outside Hitter,83,328.86,5.06,396.27,42,35,6,0,0,1.28,66.12,15.92,246.67,0.15,5.12,00:01:03,00:58:52,00:04:57,00:00:00,0.84,00:00:32,25731.35,716.57,11.04,0,0.0,32,0,7,25,0,0.49,0.0,0.11,0.39,0.0,0.0,0.54,0.09,0.0,0.65,
Jaden Ravnsborg,131,02/17/2023,00:59:47,Libero,11,288.62,4.83,32.17,6,0,4,1,0,0.18,39.42,0.78,248.43,0.0,4.37,00:00:02,00:56:34,00:03:08,00:00:00,0.8,00:00:00,1924.03,63.18,1.06,0,0.0,0,0,0,0,0,0.0,0.0,0.0,0.0,0.0,0.02,0.0,0.07,0.0,0.1,
Marta Levinska,131,02/17/2023,00:59:33,Outside Hitter,70,321.32,5.39,421.15,4,3,6,33,24,1.18,61.06,28.02,226.59,5.65,7.1,00:01:31,00:53:41,00:04:03,00:00:15,0.9,00:01:07,25086.36,689.87,11.58,8,0.13,61,14,5,41,1,1.02,0.24,0.08,0.69,0.02,0.55,0.05,0.1,0.4,0.07,
Shannon Shields,131,02/17/2023,00:59:25,Setter,147,389.1,6.55,550.59,11,92,31,13,0,2.47,93.22,8.81,286.43,0.63,5.88,00:00:34,00:51:50,00:06:57,00:00:02,1.09,00:00:17,32723.48,899.9,15.14,5,0.08,16,3,2,11,0,0.27,0.05,0.03,0.19,0.0,0.22,1.55,0.52,0.0,0.19,
Olivia Johnson,131,02/17/2023,00:58:58,Middle Blocker,81,263.71,4.47,373.6,2,9,30,39,1,1.37,57.8,21.97,182.13,1.81,5.81,00:01:16,00:53:45,00:03:48,00:00:06,0.74,00:00:57,22036.23,712.94,12.09,0,0.0,52,6,6,40,0,0.88,0.1,0.1,0.68,0.0,0.66,0.15,0.51,0.02,0.03,
Geli Cyr,131,02/17/2023,00:59:50,Outside Hitter,54,287.18,4.8,296.51,3,4,9,17,21,0.9,43.13,13.09,228.19,2.77,6.48,00:00:46,00:55:55,00:02:56,00:00:10,0.8,00:00:42,17746.18,527.59,8.82,1,0.02,44,14,2,27,1,0.74,0.23,0.03,0.45,0.02,0.28,0.07,0.15,0.35,0.05,
Roberta Rabelo,131,02/17/2023,00:58:21,Outside Hitter,70,388.66,6.66,425.9,7,5,5,18,35,1.2,100.76,42.8,235.22,9.89,6.62,00:02:01,00:49:30,00:06:41,00:00:29,1.11,00:01:33,24854.48,710.13,12.17,7,0.12,73,30,14,27,2,1.25,0.51,0.24,0.46,0.03,0.31,0.09,0.09,0.6,0.12,
Claire Jeter,131,02/17/2023,00:59:15,Middle Blocker,84,211.94,3.58,577.63,3,9,23,45,4,1.42,34.97,21.11,155.64,0.22,5.24,00:01:19,00:55:31,00:02:21,00:00:00,0.6,00:00:47,34234.32,738.39,12.46,1,0.02,51,0,15,36,0,0.86,0.0,0.25,0.61,0.0,0.76,0.15,0.39,0.07,0.05,
Meadow Cooper,131,02/17/2023,00:59:17,Libero,9,288.28,4.86,26.71,2,1,6,0,0,0.15,53.51,3.28,231.49,0.0,4.79,00:00:11,00:55:12,00:03:51,00:00:00,0.81,00:00:06,1584.1,59.07,1.0,1,0.02,8,0,2,6,0,0.13,0.0,0.03,0.1,0.0,0.0,0.02,0.1,0.0,0.03,
Maddie Mclaughlin,131,02/17/2023,00:59:32,Outside Hitter,63,319.7,5.37,341.66,1,6,14,35,7,1.06,68.54,16.57,234.37,0.22,5.37,00:00:57,00:53:37,00:04:54,00:00:00,0.89,00:00:34,20345.64,566.59,9.51,2,0.03,32,1,7,24,0,0.54,0.02,0.12,0.4,0.0,0.59,0.1,0.24,0.12,0.02,
Jaden Ravnsborg,132,02/20/2023,01:59:12,Libero,54,493.91,4.14,83.5,17,9,27,1,0,0.45,62.49,4.21,416.75,10.46,8.23,00:00:20,01:53:35,00:04:59,00:00:15,0.69,00:00:25,9954.99,326.88,2.74,1,0.01,4,0,0,3,1,0.03,0.0,0.0,0.03,0.01,0.01,0.08,0.23,0.0,0.14,
Marta Levinska,132,02/20/2023,01:59:12,Outside Hitter,127,501.54,4.21,320.39,15,14,42,34,22,1.07,65.65,27.1,403.44,5.35,5.88,00:01:39,01:52:13,00:04:55,00:00:21,0.7,00:01:24,38195.8,1050.38,8.81,2,0.02,75,29,3,43,0,0.63,0.24,0.03,0.36,0.0,0.29,0.12,0.35,0.18,0.13,
Shannon Shields,132,02/20/2023,01:59:12,Setter,244,616.09,5.17,448.59,12,164,61,7,0,2.05,125.81,12.3,477.24,0.74,7.56,00:00:53,01:48:41,00:09:33,00:00:01,0.86,00:00:19,53479.02,1470.67,12.34,8,0.07,15,0,0,14,1,0.13,0.0,0.0,0.12,0.01,0.06,1.38,0.51,0.0,0.1,
Olivia Johnson,132,02/20/2023,01:59:12,Middle Blocker,121,455.05,3.82,260.87,0,14,61,44,2,1.01,67.53,36.86,348.56,2.09,5.83,00:02:08,01:52:19,00:04:35,00:00:07,0.64,00:01:20,31100.39,1006.19,8.44,7,0.06,76,7,23,46,0,0.64,0.06,0.19,0.39,0.0,0.37,0.12,0.51,0.02,0.0,
Geli Cyr,132,02/20/2023,01:59:12,Outside Hitter,123,567.02,4.76,372.5,1,3,8,56,55,1.03,76.82,33.84,451.09,5.27,6.12,00:01:58,01:51:39,00:05:14,00:00:18,0.79,00:01:36,44408.56,1320.25,11.07,11,0.09,97,19,6,72,0,0.81,0.16,0.05,0.6,0.0,0.47,0.03,0.07,0.46,0.01,
Roberta Rabelo,132,02/20/2023,01:59:12,Outside Hitter,123,571.74,4.8,362.35,2,5,17,57,42,1.03,109.94,33.48,417.61,10.7,6.78,00:01:49,01:48:56,00:07:49,00:00:35,0.8,00:01:47,43198.36,1234.24,10.35,9,0.08,103,37,9,52,5,0.86,0.31,0.08,0.44,0.04,0.48,0.04,0.14,0.35,0.02,
Claire Jeter,132,02/20/2023,01:59:12,Middle Blocker,161,381.49,3.2,493.28,3,33,72,53,0,1.35,50.65,27.19,303.57,0.08,5.11,00:02:02,01:53:39,00:03:28,00:00:00,0.53,00:00:53,58806.58,1268.38,10.64,0,0.0,48,0,13,35,0,0.4,0.0,0.11,0.29,0.0,0.44,0.28,0.6,0.0,0.03,
Meadow Cooper,132,02/20/2023,01:59:12,Libero,48,512.47,4.3,73.6,7,7,34,0,0,0.4,78.74,11.24,422.47,0.03,5.06,00:00:40,01:52:15,00:06:15,00:00:00,0.72,00:00:24,8774.08,327.17,2.74,1,0.01,29,0,4,25,0,0.24,0.0,0.03,0.21,0.0,0.0,0.06,0.29,0.0,0.06,
Maddie Mclaughlin,132,02/20/2023,01:59:12,Outside Hitter,129,589.2,4.94,351.06,7,7,32,69,14,1.08,110.31,31.24,445.99,1.66,5.63,00:01:52,01:49:03,00:08:09,00:00:05,0.82,00:01:08,41852.65,1165.52,9.78,3,0.03,64,5,3,56,0,0.54,0.04,0.03,0.47,0.0,0.58,0.06,0.27,0.12,0.06,
Jaden Ravnsborg,133,02/21/2023,01:24:27,Libero,66,369.69,4.38,158.65,4,12,50,0,0,0.78,55.51,6.52,307.66,0.0,4.57,00:00:38,01:19:23,00:04:24,00:00:00,0.73,00:00:21,13400.88,440.03,5.21,0,0.0,11,0,1,10,0,0.13,0.0,0.01,0.12,0.0,0.0,0.14,0.59,0.0,0.05,
Marta Levinska,133,02/21/2023,01:24:27,Outside Hitter,71,338.7,4.01,237.29,6,13,30,14,8,0.84,38.74,13.6,284.47,1.89,5.96,00:00:58,01:20:24,00:02:55,00:00:07,0.67,00:00:39,20042.77,551.18,6.53,1,0.01,40,8,8,24,0,0.47,0.09,0.09,0.28,0.0,0.17,0.15,0.36,0.09,0.07,
Shannon Shields,133,02/21/2023,01:22:28,Setter,177,454.83,5.52,441.17,12,131,33,1,0,2.15,99.74,7.26,347.69,0.15,5.27,00:00:31,01:14:18,00:07:37,00:00:00,0.92,00:00:10,36382.93,1000.53,12.13,3,0.04,6,0,1,5,0,0.07,0.0,0.01,0.06,0.0,0.01,1.59,0.4,0.0,0.15,
Olivia Johnson,133,02/21/2023,01:24:27,Middle Blocker,99,454.37,5.38,299.53,10,15,26,37,11,1.17,83.02,34.13,328.21,9.01,7.06,00:01:50,01:16:26,00:05:40,00:00:28,0.9,00:01:39,25300.28,818.54,9.69,21,0.25,82,26,9,44,3,0.97,0.31,0.11,0.52,0.04,0.44,0.18,0.31,0.13,0.12,
Geli Cyr,133,02/21/2023,01:24:27,Outside Hitter,80,366.01,4.33,279.71,2,8,30,30,10,0.95,49.21,17.03,296.76,3.0,6.19,00:01:06,01:19:50,00:03:18,00:00:10,0.72,00:00:54,23626.08,702.4,8.32,6,0.07,62,14,3,45,0,0.73,0.17,0.04,0.53,0.0,0.36,0.09,0.36,0.12,0.02,
Roberta Rabelo,133,02/21/2023,01:24:27,Outside Hitter,98,397.97,4.71,373.66,8,4,26,36,24,1.16,73.85,24.35,295.37,4.41,6.53,00:01:23,01:17:40,00:05:07,00:00:15,0.79,00:01:08,31561.86,901.77,10.68,8,0.09,67,13,7,45,2,0.79,0.15,0.08,0.53,0.02,0.43,0.05,0.31,0.28,0.09,
Claire Jeter,133,02/21/2023,01:22:18,Middle Blocker,123,318.98,3.88,571.06,2,15,58,46,2,1.49,48.43,25.87,244.33,0.35,5.15,00:01:46,01:17:13,00:03:15,00:00:01,0.64,00:01:01,47002.69,1013.78,12.32,2,0.02,56,0,8,48,0,0.68,0.0,0.1,0.58,0.0,0.56,0.18,0.7,0.02,0.02,
Meadow Cooper,133,02/21/2023,01:24:27,Libero,61,365.39,4.33,137.72,0,5,56,0,0,0.72,59.2,14.28,291.9,0.01,5.02,00:00:55,01:19:00,00:04:30,00:00:00,0.72,00:00:31,11632.33,433.75,5.14,0,0.0,37,0,5,32,0,0.44,0.0,0.06,0.38,0.0,0.0,0.06,0.66,0.0,0.0,
Maddie Mclaughlin,133,02/21/2023,01:24:27,Outside Hitter,84,418.45,4.95,288.99,5,11,40,26,2,0.99,75.37,13.32,329.18,0.59,5.29,00:00:53,01:17:50,00:05:40,00:00:01,0.83,00:00:24,24409.77,679.77,8.05,1,0.01,21,1,4,16,0,0.25,0.01,0.05,0.19,0.0,0.31,0.13,0.47,0.02,0.06,
Jaden Ravnsborg,134,02/22/2023,02:20:54,Libero,93,628.67,4.46,129.24,19,14,57,3,0,0.66,80.71,12.92,535.04,0.0,4.66,00:00:52,02:13:24,00:06:36,00:00:00,0.74,00:00:31,18211.85,598.0,4.24,0,0.0,13,0,3,10,0,0.09,0.0,0.02,0.07,0.0,0.02,0.1,0.4,0.0,0.13,
Marta Levinska,134,02/22/2023,02:20:54,Outside Hitter,171,719.04,5.1,410.64,4,7,49,75,36,1.21,125.31,75.89,501.96,15.87,6.4,00:03:50,02:08:13,00:08:01,00:00:47,0.85,00:03:03,57865.77,1591.31,11.29,48,0.34,152,49,13,90,0,1.08,0.35,0.09,0.64,0.0,0.53,0.05,0.35,0.26,0.03,
Shannon Shields,134,02/22/2023,02:20:54,Setter,291,795.71,5.65,487.42,10,175,67,35,4,2.07,168.89,23.55,602.86,0.41,5.29,00:01:28,02:06:54,00:12:29,00:00:01,0.94,00:00:42,68684.87,1888.83,13.4,9,0.06,47,0,7,40,0,0.33,0.0,0.05,0.28,0.0,0.25,1.24,0.48,0.03,0.07,
Olivia Johnson,134,02/22/2023,02:20:54,Middle Blocker,188,567.71,4.03,303.77,3,51,96,37,1,1.33,90.68,43.23,431.44,2.37,6.16,00:02:38,02:12:01,00:06:05,00:00:07,0.67,00:01:23,42806.32,1384.91,9.83,0,0.0,76,9,18,49,0,0.54,0.06,0.13,0.35,0.0,0.26,0.36,0.68,0.01,0.02,
Geli Cyr,134,02/22/2023,02:20:54,Outside Hitter,156,670.4,4.76,330.63,6,22,41,58,29,1.11,98.14,32.6,533.87,5.78,6.13,00:01:59,02:11:38,00:06:54,00:00:20,0.79,00:01:42,46591.08,1385.14,9.83,10,0.07,112,25,5,82,0,0.79,0.18,0.04,0.58,0.0,0.41,0.16,0.29,0.21,0.04,
Roberta Rabelo,134,02/22/2023,02:20:54,Outside Hitter,145,712.46,5.06,337.12,5,15,29,52,44,1.03,143.52,41.57,515.87,11.49,7.18,00:02:11,02:07:55,00:10:12,00:00:33,0.84,00:01:53,47506.33,1357.32,9.63,11,0.08,109,25,9,66,9,0.77,0.18,0.06,0.47,0.06,0.37,0.11,0.21,0.31,0.04,
Claire Jeter,134,02/22/2023,02:20:54,Middle Blocker,224,483.15,3.43,582.2,0,46,113,64,1,1.59,77.27,48.35,357.27,0.26,5.27,00:03:06,02:12:41,00:05:04,00:00:00,0.57,00:01:31,82041.07,1769.51,12.56,0,0.0,86,1,29,56,0,0.61,0.01,0.21,0.4,0.0,0.45,0.33,0.8,0.01,0.0,
Meadow Cooper,134,02/22/2023,02:20:54,Libero,74,615.96,4.37,107.01,2,8,54,5,5,0.53,101.72,18.59,494.91,0.74,5.45,00:01:07,02:12:02,00:07:40,00:00:02,0.73,00:00:45,15079.05,562.27,3.99,1,0.01,53,4,3,46,0,0.38,0.03,0.02,0.33,0.0,0.04,0.06,0.38,0.04,0.01,
Maddie Mclaughlin,134,02/22/2023,02:20:54,Outside Hitter,159,712.53,5.06,359.35,6,9,41,93,10,1.13,135.33,36.65,539.7,0.86,5.38,00:02:14,02:08:39,00:09:55,00:00:02,0.84,00:01:15,50638.43,1410.18,10.01,6,0.04,76,2,10,64,0,0.54,0.01,0.07,0.45,0.0,0.66,0.06,0.29,0.07,0.04,
Jaden Ravnsborg,135,02/23/2023,01:54:55,Libero,81,493.4,4.29,138.04,11,16,53,1,0,0.7,75.77,8.29,409.34,0.0,4.77,00:00:42,01:48:18,00:05:52,00:00:00,0.72,00:00:25,15864.93,520.94,4.53,0,0.0,18,0,0,18,0,0.16,0.0,0.0,0.16,0.0,0.01,0.14,0.46,0.0,0.1,
Marta Levinska,135,02/23/2023,01:54:55,Outside Hitter,126,523.22,4.55,362.58,7,3,42,57,17,1.1,83.85,44.78,385.85,8.74,6.35,00:02:25,01:46:32,00:05:29,00:00:26,0.76,00:01:49,41672.02,1145.98,9.97,13,0.11,99,28,7,64,0,0.86,0.24,0.06,0.56,0.0,0.5,0.03,0.37,0.15,0.06,
Shannon Shields,135,02/23/2023,01:54:55,Setter,233,631.45,5.49,491.15,11,112,81,23,6,2.03,135.38,18.27,477.26,0.54,5.85,00:01:14,01:43:45,00:09:52,00:00:01,0.92,00:00:31,56449.94,1552.37,13.51,8,0.07,30,2,6,22,0,0.26,0.02,0.05,0.19,0.0,0.2,0.97,0.7,0.05,0.1,
Olivia Johnson,135,02/23/2023,01:54:55,Middle Blocker,139,543.31,4.73,300.99,6,26,57,45,5,1.21,86.7,37.45,412.67,6.5,6.02,00:02:09,01:46:32,00:05:50,00:00:22,0.79,00:01:33,34594.17,1119.22,9.74,14,0.12,82,23,11,48,0,0.71,0.2,0.1,0.42,0.0,0.39,0.23,0.5,0.04,0.05,
Geli Cyr,135,02/23/2023,01:54:51,Outside Hitter,108,503.4,4.38,298.53,1,5,40,32,30,0.94,81.69,28.05,392.95,0.7,5.34,00:01:43,01:47:38,00:05:30,00:00:02,0.73,00:01:01,34287.17,1019.35,8.88,28,0.24,68,2,7,59,0,0.59,0.02,0.06,0.51,0.0,0.28,0.04,0.35,0.26,0.01,
Roberta Rabelo,135,02/23/2023,01:54:55,Outside Hitter,108,548.12,4.77,326.98,5,4,17,45,37,0.94,120.85,35.54,384.33,7.4,6.05,00:01:55,01:44:16,00:08:18,00:00:23,0.8,00:01:41,37581.2,1073.75,9.34,56,0.49,97,28,5,64,0,0.84,0.24,0.04,0.56,0.0,0.39,0.03,0.15,0.32,0.04,
Claire Jeter,135,02/23/2023,01:54:55,Middle Blocker,163,428.15,3.73,546.62,2,19,74,65,3,1.42,60.2,34.57,332.78,0.6,5.75,00:02:18,01:48:32,00:04:00,00:00:02,0.62,00:01:09,62825.33,1355.06,11.79,5,0.04,62,4,13,45,0,0.54,0.03,0.11,0.39,0.0,0.57,0.17,0.64,0.03,0.02,
Meadow Cooper,135,02/23/2023,01:54:55,Libero,76,475.35,4.14,136.89,0,3,64,4,5,0.66,76.58,20.31,377.29,1.17,5.67,00:01:14,01:47:48,00:05:47,00:00:03,0.69,00:00:50,15732.76,586.65,5.1,0,0.0,58,3,4,51,0,0.5,0.03,0.03,0.44,0.0,0.03,0.03,0.56,0.04,0.0,
Maddie Mclaughlin,135,02/23/2023,01:54:55,Outside Hitter,111,543.53,4.73,298.33,5,13,30,56,7,0.97,92.68,20.38,428.82,1.64,5.55,00:01:17,01:46:35,00:06:54,00:00:05,0.79,00:00:46,34288.15,954.86,8.31,3,0.03,42,4,4,34,0,0.37,0.03,0.03,0.3,0.0,0.49,0.11,0.26,0.06,0.04,
Jaden Ravnsborg,136,02/24/2023,02:00:38,Libero,58,545.34,4.52,90.21,13,15,27,3,0,0.48,65.48,5.2,474.65,0.0,4.53,00:00:25,01:54:59,00:05:10,00:00:00,0.75,00:00:12,10881.94,357.32,2.96,0,0.0,1,0,0,1,0,0.01,0.0,0.0,0.01,0.0,0.02,0.12,0.22,0.0,0.11,
Marta Levinska,136,02/24/2023,02:00:41,Outside Hitter,164,570.79,4.73,428.75,15,7,49,76,17,1.36,96.18,38.13,431.58,4.9,5.89,00:02:26,01:51:16,00:06:38,00:00:19,0.79,00:01:52,51749.59,1423.11,11.79,6,0.05,119,22,10,87,0,0.99,0.18,0.08,0.72,0.0,0.63,0.06,0.41,0.14,0.12,
Geli Cyr,136,02/24/2023,02:00:11,Outside Hitter,139,594.32,4.94,384.62,7,4,20,57,51,1.16,96.71,34.02,460.76,2.82,6.6,00:02:07,01:51:41,00:06:40,00:00:10,0.82,00:01:32,46230.63,1374.42,11.43,10,0.08,103,9,9,83,2,0.86,0.07,0.07,0.69,0.02,0.47,0.03,0.17,0.42,0.06,
Roberta Rabelo,136,02/24/2023,02:00:31,Outside Hitter,143,638.3,5.3,403.12,8,17,11,49,58,1.19,123.23,37.31,462.43,15.33,6.81,00:02:00,01:49:03,00:08:36,00:00:48,0.88,00:02:09,48583.31,1388.09,11.52,22,0.18,114,43,2,60,9,0.95,0.36,0.02,0.5,0.07,0.41,0.14,0.09,0.48,0.07,
Claire Jeter,136,02/24/2023,02:00:41,Middle Blocker,189,441.65,3.66,606.86,1,20,87,81,0,1.57,70.57,41.92,329.1,0.06,5.12,00:02:45,01:53:12,00:04:41,00:00:00,0.61,00:01:21,73247.9,1579.86,13.09,1,0.01,77,0,27,50,0,0.64,0.0,0.22,0.41,0.0,0.67,0.17,0.72,0.0,0.01,
Meadow Cooper,136,02/24/2023,02:00:41,Libero,47,527.89,4.37,73.79,6,5,31,1,4,0.39,77.34,9.91,439.61,1.02,5.86,00:00:36,01:53:57,00:06:02,00:00:03,0.73,00:00:24,8906.41,332.1,2.75,0,0.0,27,4,1,22,0,0.22,0.03,0.01,0.18,0.0,0.01,0.04,0.26,0.03,0.05,
Jaden Ravnsborg,138,02/27/2023,02:01:40,Libero,110,577.14,4.74,167.62,16,47,38,9,0,0.9,100.29,9.54,467.3,0.0,4.63,00:00:45,01:53:09,00:07:44,00:00:00,0.79,00:00:23,20396.71,669.74,5.5,0,0.0,23,0,1,22,0,0.19,0.0,0.01,0.18,0.0,0.07,0.39,0.31,0.0,0.13,
Marta Levinska,138,02/27/2023,02:01:40,Outside Hitter,192,659.04,5.42,493.78,6,11,83,85,7,1.58,127.48,78.97,431.06,21.53,7.25,00:03:59,01:48:28,00:07:56,00:01:14,0.9,00:03:35,60084.45,1652.32,13.58,75,0.62,184,63,10,88,23,1.51,0.52,0.08,0.72,0.19,0.7,0.09,0.68,0.06,0.05,
Olivia Johnson,138,02/27/2023,02:01:40,Middle Blocker,179,576.32,4.74,329.68,3,53,98,25,0,1.47,116.56,37.37,421.97,0.42,5.87,00:02:26,01:51:16,00:07:54,00:00:01,0.79,00:01:20,40116.6,1297.89,10.67,14,0.12,76,1,11,64,0,0.62,0.01,0.09,0.53,0.0,0.21,0.44,0.81,0.0,0.02,
Geli Cyr,138,02/27/2023,02:01:40,Outside Hitter,162,629.12,5.17,432.21,3,7,42,69,41,1.33,107.13,36.31,482.77,2.91,5.67,00:02:16,01:51:45,00:07:26,00:00:10,0.86,00:01:31,52592.84,1563.57,12.85,19,0.16,105,12,18,75,0,0.86,0.1,0.15,0.62,0.0,0.57,0.06,0.35,0.34,0.02,
Roberta Rabelo,138,02/27/2023,02:01:40,Outside Hitter,189,639.81,5.26,510.28,4,10,53,84,38,1.55,142.65,43.25,447.26,6.65,6.58,00:02:35,01:48:51,00:09:48,00:00:24,0.88,00:01:54,62092.75,1774.08,14.58,15,0.12,115,30,11,72,2,0.95,0.25,0.09,0.59,0.02,0.69,0.08,0.44,0.31,0.03,
Claire Jeter,138,02/27/2023,02:01:40,Middle Blocker,207,494.77,4.07,621.97,2,32,114,59,0,1.7,82.12,45.92,366.48,0.24,5.3,00:03:01,01:53:10,00:05:26,00:00:01,0.68,00:01:42,75683.47,1632.39,13.42,12,0.1,97,0,22,75,0,0.8,0.0,0.18,0.62,0.0,0.48,0.26,0.94,0.0,0.02,
Meadow Cooper,138,02/27/2023,02:01:40,Libero,79,580.37,4.77,126.84,8,12,48,3,8,0.65,117.86,20.25,440.4,1.87,5.94,00:01:12,01:51:52,00:08:28,00:00:05,0.79,00:00:49,15433.8,575.5,4.73,2,0.02,54,6,12,36,0,0.44,0.05,0.1,0.3,0.0,0.02,0.1,0.39,0.07,0.07,
Maddie Mclaughlin,138,02/27/2023,02:01:40,Outside Hitter,186,675.17,5.55,488.81,6,13,59,86,22,1.53,168.67,38.79,466.7,1.01,5.22,00:02:23,01:46:45,00:12:26,00:00:03,0.92,00:01:20,59480.11,1656.41,13.61,20,0.16,76,0,4,72,0,0.62,0.0,0.03,0.59,0.0,0.71,0.11,0.48,0.18,0.05,
Jaden Ravnsborg,139,02/28/2023,02:14:06,Libero,78,542.41,4.04,114.79,7,23,47,1,0,0.58,80.23,8.06,454.12,0.0,4.67,00:00:43,02:07:12,00:06:09,00:00:00,0.67,00:00:23,15394.85,505.5,3.77,0,0.0,14,0,1,13,0,0.1,0.0,0.01,0.1,0.0,0.01,0.17,0.35,0.0,0.05,
Marta Levinska,139,02/28/2023,02:14:06,Outside Hitter,158,559.03,4.17,333.65,24,15,50,64,5,1.18,101.11,29.26,426.68,1.98,5.6,00:02:05,02:04:55,00:06:56,00:00:08,0.69,00:01:19,44747.87,1230.57,9.18,6,0.04,80,7,9,64,0,0.6,0.05,0.07,0.48,0.0,0.48,0.11,0.37,0.04,0.18,
Shannon Shields,139,02/28/2023,02:14:06,Setter,308,721.27,5.38,509.06,17,203,60,27,1,2.3,155.87,17.6,547.4,0.4,5.57,00:01:13,02:00:48,00:12:01,00:00:01,0.9,00:00:36,68273.98,1877.53,14.0,5,0.04,39,1,3,35,0,0.29,0.01,0.02,0.26,0.0,0.2,1.51,0.45,0.01,0.13,
Olivia Johnson,139,02/28/2023,02:14:06,Middle Blocker,170,615.7,4.59,306.46,4,46,61,55,4,1.27,122.71,36.98,454.34,1.67,5.6,00:02:24,02:03:14,00:08:20,00:00:05,0.77,00:01:25,41101.22,1329.75,9.91,1,0.01,84,7,8,69,0,0.63,0.05,0.06,0.51,0.0,0.41,0.34,0.45,0.03,0.03,
Geli Cyr,139,02/28/2023,02:14:06,Outside Hitter,143,560.4,4.18,320.52,5,9,56,43,30,1.07,86.73,29.55,441.16,2.96,5.8,00:01:58,02:05:57,00:05:59,00:00:09,0.7,00:01:27,42986.54,1277.98,9.53,7,0.05,103,10,5,88,0,0.77,0.07,0.04,0.66,0.0,0.32,0.07,0.42,0.22,0.04,
Roberta Rabelo,139,02/28/2023,02:14:06,Outside Hitter,146,629.43,4.69,360.79,4,14,25,66,37,1.09,140.0,42.36,442.56,4.51,6.0,00:02:24,02:01:48,00:09:38,00:00:13,0.78,00:01:42,48387.66,1382.5,10.31,43,0.32,105,12,10,83,0,0.78,0.09,0.07,0.62,0.0,0.49,0.1,0.19,0.28,0.03,
Claire Jeter,139,02/28/2023,02:14:06,Middle Blocker,176,465.73,3.47,443.98,1,47,94,34,0,1.31,61.64,28.76,375.16,0.17,5.07,00:02:00,02:07:39,00:04:24,00:00:00,0.58,00:01:04,59544.89,1284.3,9.58,3,0.02,55,0,12,43,0,0.41,0.0,0.09,0.32,0.0,0.25,0.35,0.7,0.0,0.01,
Meadow Cooper,139,02/28/2023,02:14:06,Libero,76,547.55,4.08,111.5,3,15,49,5,4,0.57,101.97,19.37,425.9,0.31,5.36,00:01:13,02:05:22,00:07:28,00:00:01,0.68,00:00:47,14953.65,557.59,4.16,0,0.0,56,1,3,52,0,0.42,0.01,0.02,0.39,0.0,0.04,0.11,0.37,0.03,0.02,
Maddie Mclaughlin,139,02/28/2023,02:14:06,Outside Hitter,173,646.24,4.82,400.05,7,16,72,62,16,1.29,134.72,35.58,474.47,1.47,5.55,00:02:11,02:02:20,00:09:28,00:00:04,0.8,00:01:16,53653.66,1494.15,11.14,7,0.05,68,4,6,58,0,0.51,0.03,0.04,0.43,0.0,0.46,0.12,0.54,0.12,0.05,
Claire Jeter,140,03/01/2023,02:09:15,Middle Blocker,146,415.61,3.22,412.57,2,17,89,37,1,1.13,53.84,29.04,332.47,0.26,5.4,00:01:55,02:03:31,00:03:45,00:00:01,0.54,00:01:00,53332.13,1150.3,8.9,0,0.0,51,2,9,40,0,0.39,0.02,0.07,0.31,0.0,0.29,0.13,0.69,0.01,0.02,02:09:38
Jaden Ravnsborg,140,03/01/2023,02:09:15,Libero,69,561.09,4.34,100.88,10,18,41,0,0,0.53,74.01,6.18,480.9,0.0,4.58,00:00:32,02:02:43,00:05:58,00:00:00,0.72,00:00:19,13040.67,428.2,3.31,0,0.0,13,0,3,10,0,0.1,0.0,0.02,0.08,0.0,0.0,0.14,0.32,0.0,0.08,02:09:38
Maddie Mclaughlin,140,03/01/2023,02:09:15,Outside Hitter,119,619.96,4.8,287.04,11,10,23,62,13,0.92,110.89,25.65,482.36,1.06,5.37,00:01:37,01:59:21,00:08:12,00:00:03,0.8,00:00:58,37104.46,1033.29,7.99,4,0.03,55,2,7,46,0,0.43,0.02,0.05,0.36,0.0,0.48,0.08,0.18,0.1,0.09,02:09:38
Marta Levinska,140,03/01/2023,02:07:43,Outside Hitter,114,607.36,4.76,274.54,8,6,51,37,12,0.89,92.05,45.04,453.78,16.48,9.63,00:02:18,01:58:46,00:06:02,00:00:55,0.79,00:02:22,35063.38,964.24,7.55,30,0.23,117,43,7,48,19,0.92,0.34,0.05,0.38,0.15,0.29,0.05,0.4,0.09,0.06,02:09:38
Meadow Cooper,140,03/01/2023,02:09:15,Libero,47,532.09,4.12,72.54,2,3,40,2,0,0.36,85.95,13.89,432.04,0.2,5.12,00:00:52,02:01:55,00:06:25,00:00:00,0.69,00:00:32,9377.23,349.66,2.7,2,0.02,39,0,7,32,0,0.3,0.0,0.05,0.25,0.0,0.02,0.02,0.31,0.0,0.02,02:09:38
Olivia Johnson,140,03/01/2023,02:09:15,Middle Blocker,117,495.9,3.84,214.2,5,29,46,36,1,0.91,73.4,27.64,392.92,1.94,5.66,00:01:41,02:02:04,00:05:20,00:00:07,0.64,00:01:11,27688.81,895.81,6.93,5,0.04,61,8,4,49,0,0.47,0.06,0.03,0.38,0.0,0.28,0.22,0.36,0.01,0.04,02:09:38
Roberta Rabelo,140,03/01/2023,02:09:15,Outside Hitter,132,669.78,5.18,351.76,9,11,12,52,48,1.02,171.43,49.19,441.85,7.31,5.93,00:02:41,01:54:50,00:11:20,00:00:21,0.86,00:02:02,45471.06,1299.17,10.05,65,0.5,112,17,5,90,0,0.87,0.13,0.04,0.7,0.0,0.4,0.09,0.09,0.37,0.07,02:09:38
Shannon Shields,140,03/01/2023,02:09:15,Setter,248,709.87,5.49,446.6,14,142,63,29,0,1.92,149.13,17.24,543.4,0.1,5.17,00:01:09,01:56:34,00:11:29,00:00:00,0.92,00:00:29,57730.71,1587.59,12.28,5,0.04,32,1,5,26,0,0.25,0.01,0.04,0.2,0.0,0.22,1.1,0.49,0.0,0.11,02:09:38
Claire Jeter,141,03/03/2023,02:15:34,Middle Blocker,228,512.45,3.78,611.43,3,33,136,56,0,1.68,84.61,52.26,375.38,0.2,5.3,00:03:20,02:06:37,00:05:33,00:00:01,0.63,00:01:43,82899.66,1788.03,13.19,2,0.01,94,1,19,74,0,0.69,0.01,0.14,0.55,0.0,0.41,0.24,1.0,0.0,0.02,02:16:03
Geli Cyr,141,03/03/2023,02:15:34,Outside Hitter,172,701.04,5.17,393.09,3,17,56,64,32,1.27,128.28,37.55,531.54,3.67,5.7,00:02:24,02:03:48,00:09:07,00:00:12,0.86,00:01:42,53295.91,1584.47,11.69,8,0.06,114,17,8,89,0,0.84,0.13,0.06,0.66,0.0,0.47,0.13,0.41,0.24,0.02,02:16:03
Jaden Ravnsborg,141,03/03/2023,02:15:34,Libero,87,649.67,4.79,118.12,9,39,39,0,0,0.64,100.22,7.28,542.18,0.0,4.7,00:00:36,02:07:05,00:07:51,00:00:00,0.8,00:00:18,16015.06,525.87,3.88,0,0.0,13,0,0,13,0,0.1,0.0,0.0,0.1,0.0,0.0,0.29,0.29,0.0,0.07,02:16:03
Maddie Mclaughlin,141,03/03/2023,02:15:34,Outside Hitter,181,780.83,5.76,420.7,5,13,65,83,15,1.33,185.94,41.36,552.25,1.28,5.43,00:02:35,01:59:33,00:13:18,00:00:04,0.96,00:01:29,57039.82,1588.45,11.72,8,0.06,83,6,12,65,0,0.61,0.04,0.09,0.48,0.0,0.61,0.1,0.48,0.11,0.04,02:16:03
Marta Levinska,141,03/03/2023,02:15:34,Outside Hitter,190,675.86,4.98,410.22,30,9,62,69,20,1.4,134.26,39.86,497.58,4.16,6.25,00:02:36,02:03:05,00:09:34,00:00:16,0.83,00:01:46,55619.62,1529.54,11.28,11,0.08,109,19,12,78,0,0.8,0.14,0.09,0.58,0.0,0.51,0.07,0.46,0.15,0.22,02:16:03
Meadow Cooper,141,03/03/2023,02:15:34,Libero,74,662.76,4.89,111.07,3,10,50,5,6,0.55,125.11,23.05,512.47,2.13,5.72,00:01:20,02:04:59,00:09:06,00:00:06,0.81,00:00:55,15059.45,561.54,4.14,0,0.0,62,9,12,41,0,0.46,0.07,0.09,0.3,0.0,0.04,0.07,0.37,0.04,0.02,02:16:03
Olivia Johnson,141,03/03/2023,02:15:34,Middle Blocker,160,580.47,4.28,286.24,2,34,74,49,1,1.18,91.97,44.27,440.76,3.46,5.86,00:02:34,02:06:25,00:06:21,00:00:11,0.71,00:01:44,38809.75,1255.61,9.26,11,0.08,95,10,10,75,0,0.7,0.07,0.07,0.55,0.0,0.36,0.25,0.55,0.01,0.01,02:16:03
Roberta Rabelo,141,03/03/2023,02:15:34,Outside Hitter,194,779.71,5.75,479.37,8,13,29,97,47,1.43,187.46,54.03,525.49,12.73,6.89,00:02:57,01:58:51,00:13:01,00:00:41,0.96,00:02:36,64993.91,1856.97,13.7,19,0.14,148,43,9,92,4,1.09,0.32,0.07,0.68,0.03,0.72,0.1,0.21,0.35,0.06,02:16:03
Shannon Shields,141,03/03/2023,02:15:34,Setter,297,804.36,5.93,508.36,12,184,62,37,2,2.19,190.83,22.56,590.16,0.82,5.28,00:01:28,01:59:45,00:14:15,00:00:03,0.99,00:00:48,68924.77,1895.43,13.98,11,0.08,51,0,7,44,0,0.38,0.0,0.05,0.32,0.0,0.27,1.36,0.46,0.01,0.09,02:16:03
